
 -----------------------------------------------------
root@OpenWrt:~# echo "===== CHECK RING CHANGE SUPPORT ====="
===== CHECK RING CHANGE SUPPORT =====
root@OpenWrt:~#
root@OpenWrt:~# ethtool -G eth0 rx 256 2>&1
root@OpenWrt:~#
root@OpenWrt:~# echo

root@OpenWrt:~# echo "===== RING AFTER TEST ====="
===== RING AFTER TEST =====
root@OpenWrt:~# ethtool -g eth0 2>&1
Ring parameters for eth0:
Pre-set maximums:
RX:             4096
RX Mini:        0
RX Jumbo:       0
TX:             4096
Current hardware settings:
RX:             256
RX Mini:        0
RX Jumbo:       0
TX:             512

root@OpenWrt:~# echo "===== RX 256 FTP TEST ====="

date
===== RX 256 FTP TEST =====
root@OpenWrt:~#
root@OpenWrt:~# date
echo
echo "--- SPEED TEST: CPU ---"
top -bn1 | head -12

echo
echo "--- VSFTPD ---"
pidstat -p ALL -u -d 1 15

echo
echo "--- ETH0 IRQ ---"
grep -Ei 'eth0' /proc/interrupts

echo
echo "--- ETH0 ERRORS ---"
ethtool -S eth0 2>/dev/null | grep -E 'rx_errors|tx_errors|rx_dropped|tx_dropped|rx_discard|rx_overrun'

echo
echo "--- RING ---"
ethtool -g eth0

echo
echo "--- SOFTNET ---"
cat /proc/net/softnet_stat | head -1Sat Sep 26 19:00:32 UTC 2026
root@OpenWrt:~#
root@OpenWrt:~# echo

root@OpenWrt:~# echo "--- SPEED TEST: CPU ---"
--- SPEED TEST: CPU ---
root@OpenWrt:~# top -bn1 | head -12
Mem: 94940K used, 24712K free, 288K shrd, 7388K buff, 57020K cached
CPU:  23% usr  46% sys   0% nic   7% idle   0% io   0% irq  23% sirq
Load average: 0.90 0.70 0.35 1/90 5190
  PID  PPID USER     STAT   VSZ %VSZ %CPU COMMAND
 4328  4325 root     S      976   1%  23% /usr/sbin/vsftpd
 5184  3689 root     R     1212   1%   8% top -bn1
 3687  1752 root     S      984   1%   8% /usr/sbin/dropbear -F -P /var/run/dropbear.1.pid -p 22 -K 300 -T 3 -W 262144 -2 9
 3520     1 root     S     5072   4%   0% /usr/bin/ttyd -i br-lan /bin/login
 2153     1 root     S     4776   4%   0% /usr/sbin/lighttpd -D -f /etc/lighttpd/lighttpd.conf
 1627     1 root     S     2168   2%   0% {dnsmasq} /sbin/ujail -t 5 -n dnsmasq -u -l -r /bin/ubus -r /etc/TZ -r /etc/dnsmasq.conf -r /etc/ethers -r /etc/group -r /etc/hosts -r /etc/passwd -w /tmp/dhcp.leases -r /tmp/dnsmasq.cfg01411c.d -r /tmp/hosts -r /tmp/resolv.conf.d -r /usr/bin/env -r /usr/bin/jshn -r /usr/lib/dnsmasq/dhcp-script.sh -r /usr/share/dnsmasq/dhcpbogushostname.conf -r /usr/share/dnsmasq/rfc6761.conf -r /usr/share/dnsmasq/tru
 3425     1 root     S     2168   2%   0% {ntpd} /sbin/ujail -t 5 -n ntpd -U ntp -G ntp -C /etc/capabilities/ntpd.json -c -u -r /bin/ubus -r /usr/bin/env -r /usr/bin/jshn -r /usr/sbin/ntpd-hotplug -r /usr/share/libubox/jshn.sh -- /usr/sbin/ntpd -n -N -S /usr/sbin/ntpd-hotplug -p 0.openwrt.pool.ntp.org -p 1.openwrt.pool.ntp.org -p 2.openwrt.pool.ntp.org -p 3.openwrt.pool.ntp.org
 1418     1 root     S     1836   2%   0% /sbin/rpcd -s /var/run/ubus/ubus.sock -t 30
root@OpenWrt:~#
root@OpenWrt:~# echo

root@OpenWrt:~# echo "--- VSFTPD ---"
--- VSFTPD ---
root@OpenWrt:~# pidstat -p ALL -u -d 1 15
Linux 6.6.144 (OpenWrt)         09/26/26        _armv5tel_      (1 CPU)

19:00:32      UID       PID    %usr %system  %guest   %wait    %CPU   CPU  Command
19:00:33        0         1    0.00    0.00    0.00    0.00    0.00     0  procd
19:00:33        0         2    0.00    0.00    0.00    0.00    0.00     0  kthreadd
19:00:33        0         3    0.00    0.00    0.00    0.00    0.00     0  pool_workqueue_release
19:00:33        0         4    0.00    0.00    0.00    0.00    0.00     0  kworker/R-slub_
19:00:33        0         5    0.00    0.00    0.00    0.00    0.00     0  kworker/R-netns
19:00:33        0         6    0.00    0.00    0.00    0.00    0.00     0  kworker/0:0-events_power_efficient
19:00:33        0         7    0.00    0.00    0.00    0.00    0.00     0  kworker/0:0H-kblockd
19:00:33        0         9    0.00    0.00    0.00    0.00    0.00     0  kworker/R-mm_pe
19:00:33        0        10    0.00    0.00    0.00    0.00    0.00     0  rcu_tasks_trace_kthread
19:00:33        0        11    0.00    0.88    0.00    0.00    0.88     0  ksoftirqd/0
19:00:33        0        12    0.00    0.00    0.00    0.00    0.00     0  kworker/R-inet_
19:00:33        0        13    0.00    0.00    0.00    0.00    0.00     0  oom_reaper
19:00:33        0        14    0.00    0.00    0.00    0.00    0.00     0  kworker/R-write
19:00:33        0        15    0.00    0.00    0.00    0.00    0.00     0  kcompactd0
19:00:33        0        16    0.00    0.00    0.00    0.00    0.00     0  kworker/R-kbloc
19:00:33        0        17    0.00    0.00    0.00    0.00    0.00     0  kworker/R-blkcg
19:00:33        0        18    0.00    0.00    0.00    0.00    0.00     0  kworker/R-ata_s
19:00:33        0        20    0.00    0.00    0.00    0.00    0.00     0  watchdogd
19:00:33        0        26    0.00    1.75    0.00    0.00    1.75     0  kswapd0
19:00:33        0        29    0.00    0.00    0.00    0.00    0.00     0  kworker/R-kthro
19:00:33        0       141    0.00    0.00    0.00    0.00    0.00     0  kworker/u2:2-ext4-rsv-conversion
19:00:33        0       160    0.00    2.63    0.00    0.00    2.63     0  kworker/u2:3-ext4-rsv-conversion
19:00:33        0       209    0.00    0.00    0.00    0.00    0.00     0  irq/31-f1030000.crypto
19:00:33        0       233    0.00    0.00    0.00    0.00    0.00     0  kworker/R-mld
19:00:33        0       237    0.00    0.00    0.00    0.00    0.00     0  kworker/R-ipv6_
19:00:33        0       238    0.00    0.00    0.00    0.00    0.00     0  kworker/R-dsa_o
19:00:33        0       239    0.00    0.00    0.00    0.00    0.00     0  kworker/R-kstrp
19:00:33        0       342    0.00    0.00    0.00    0.00    0.00     0  kworker/u2:4-ext4-rsv-conversion
19:00:33        0       343    0.00    0.00    0.00    0.00    0.00     0  kworker/0:5-events_power_efficient
19:00:33        0       356    0.00    0.00    0.00    0.00    0.00     0  ubi_bgt0d
19:00:33        0       361    0.00    0.00    0.00    0.00    0.00     0  kworker/0:1H
19:00:33        0       366    0.00    0.00    0.00    0.00    0.00     0  irq/32-gpio_keys
19:00:33        0       367    0.00    0.00    0.00    0.00    0.00     0  irq/33-gpio_keys
19:00:33        0       396    0.00    0.00    0.00    0.00    0.00     0  scsi_eh_0
19:00:33        0       397    0.00    0.00    0.00    0.00    0.00     0  kworker/R-scsi_
19:00:33        0       401    0.00    0.00    0.00    0.00    0.00     0  scsi_eh_1
19:00:33        0       402    0.00    0.00    0.00    0.00    0.00     0  kworker/R-scsi_
19:00:33        0       548    0.00    0.00    0.00    0.00    0.00     0  jbd2/sda1-8
19:00:33        0       549    0.00    0.00    0.00    0.00    0.00     0  kworker/R-ext4-
19:00:33       81       650    0.00    0.00    0.00    0.00    0.00     0  ubusd
19:00:33        0       668    0.00    0.00    0.00    0.00    0.00     0  askfirst
19:00:33        0       737    0.00    0.00    0.00    0.00    0.00     0  urngd
19:00:33        0       873    0.00    0.00    0.00    0.00    0.00     0  kworker/R-md
19:00:33        0       874    0.00    0.00    0.00    0.00    0.00     0  kworker/R-md_bi
19:00:33        0       910    0.00    0.00    0.00    0.00    0.00     0  kworker/R-xfsal
19:00:33        0       913    0.00    0.00    0.00    0.00    0.00     0  kworker/R-xfs_m
19:00:33        0      1248    0.00    0.00    0.00    0.00    0.00     0  jbd2/sda2-8
19:00:33        0      1250    0.00    0.00    0.00    0.00    0.00     0  kworker/R-ext4-
19:00:33        0      1278    0.00    0.00    0.00    0.00    0.00     0  jbd2/sda3-8
19:00:33        0      1279    0.00    0.00    0.00    0.00    0.00     0  kworker/R-ext4-
19:00:33        0      1304    0.00    0.00    0.00    0.00    0.00     0  jbd2/sdb1-8
19:00:33        0      1305    0.00    0.00    0.00    0.00    0.00     0  kworker/R-ext4-
19:00:33      514      1349    0.00    0.00    0.00    0.00    0.00     0  logd
19:00:33        0      1418    0.00    0.00    0.00    0.00    0.00     0  rpcd
19:00:33        0      1627    0.00    0.00    0.00    0.00    0.00     0  dnsmasq
19:00:33      453      1649    0.00    0.00    0.00    0.00    0.00     0  dnsmasq
19:00:33        0      1752    0.00    0.00    0.00    0.00    0.00     0  dropbear
19:00:33        0      1870    0.00    0.00    0.00    0.00    0.00     0  netifd
19:00:33        0      1984    0.00    0.00    0.00    0.00    0.00     0  odhcpd
19:00:33        0      2069    0.00    0.00    0.00    0.00    0.00     0  crond
19:00:33        0      2153    0.00    0.00    0.00    0.00    0.00     0  lighttpd
19:00:33        0      2286    0.00    0.00    0.00    0.00    0.00     0  uhttpd
19:00:33        0      2325    0.00    0.00    0.00    0.00    0.00     0  vsftpd
19:00:33        0      2398    0.00    0.00    0.00    0.00    0.00     0  dbus-daemon
19:00:33    65534      2473    0.00    0.00    0.00    0.00    0.00     0  avahi-daemon
19:00:33        0      2546    0.00    0.00    0.00    0.00    0.00     0  blockd
19:00:33        0      3303    0.00    0.00    0.00    0.00    0.00     0  ksmbd.mountd
19:00:33        0      3308    0.00    0.00    0.00    0.00    0.00     0  ksmbd.mountd
19:00:33        0      3313    0.00    0.00    0.00    0.00    0.00     0  ksmbd-br-lan
19:00:33        0      3425    0.00    0.00    0.00    0.00    0.00     0  ntpd
19:00:33      123      3436    0.00    0.00    0.00    0.00    0.00     0  ntpd
19:00:33        0      3469    0.00    0.00    0.00    0.00    0.00     0  hdd-spindown-wo
19:00:33        0      3520    0.00    0.00    0.00    0.00    0.00     0  ttyd
19:00:33        0      3568    0.00    0.00    0.00    0.00    0.00     0  ubihealthd
19:00:33        0      3687    0.00    0.88    0.00    0.00    0.88     0  dropbear
19:00:33        0      3688    0.00    0.00    0.00    0.00    0.00     0  dropbear
19:00:33        0      3689    0.00    0.00    0.00    0.00    0.00     0  ash
19:00:33        0      3695    0.00    0.00    0.00    0.00    0.00     0  ash
19:00:33        0      3699    0.00    0.00    0.00    0.00    0.00     0  sftp-server
19:00:33        0      4196    0.00    0.00    0.00    0.00    0.00     0  odhcp6c
19:00:33        0      4236    0.00    0.00    0.00    0.00    0.00     0  vsftpd
19:00:33        0      4239    0.00    0.00    0.00    0.00    0.00     0  vsftpd
19:00:33        0      4325    0.00    0.00    0.00    0.00    0.00     0  vsftpd
19:00:33        0      4328    1.75   30.70    0.00    0.00   32.46     0  vsftpd
19:00:33        0      4967    0.00    0.00    0.00    0.00    0.00     0  kworker/0:1
19:00:33        0      5182    0.00    0.00    0.00    0.00    0.00     0  sleep
19:00:33        0      5191    0.88    4.39    0.00    0.00    5.26     0  pidstat
19:00:33        0      5196    0.00    0.00    0.00    0.00    0.00     0  sleep

19:00:32      UID       PID   kB_rd/s   kB_wr/s kB_ccwr/s iodelay  Command
19:00:33        0         1     -1.00     -1.00     -1.00       0  procd
19:00:33        0         2     -1.00     -1.00     -1.00       0  kthreadd
19:00:33        0         3     -1.00     -1.00     -1.00       0  pool_workqueue_release
19:00:33        0         4     -1.00     -1.00     -1.00       0  kworker/R-slub_
19:00:33        0         5     -1.00     -1.00     -1.00       0  kworker/R-netns
19:00:33        0         6     -1.00     -1.00     -1.00       0  kworker/0:0-events_power_efficient
19:00:33        0         7     -1.00     -1.00     -1.00       0  kworker/0:0H-kblockd
19:00:33        0         9     -1.00     -1.00     -1.00       0  kworker/R-mm_pe
19:00:33        0        10     -1.00     -1.00     -1.00       0  rcu_tasks_trace_kthread
19:00:33        0        11     -1.00     -1.00     -1.00       0  ksoftirqd/0
19:00:33        0        12     -1.00     -1.00     -1.00       0  kworker/R-inet_
19:00:33        0        13     -1.00     -1.00     -1.00       0  oom_reaper
19:00:33        0        14     -1.00     -1.00     -1.00       0  kworker/R-write
19:00:33        0        15     -1.00     -1.00     -1.00       0  kcompactd0
19:00:33        0        16     -1.00     -1.00     -1.00       0  kworker/R-kbloc
19:00:33        0        17     -1.00     -1.00     -1.00       0  kworker/R-blkcg
19:00:33        0        18     -1.00     -1.00     -1.00       0  kworker/R-ata_s
19:00:33        0        20     -1.00     -1.00     -1.00       0  watchdogd
19:00:33        0        26     -1.00     -1.00     -1.00       0  kswapd0
19:00:33        0        29     -1.00     -1.00     -1.00       0  kworker/R-kthro
19:00:33        0       141     -1.00     -1.00     -1.00       0  kworker/u2:2-ext4-rsv-conversion
19:00:33        0       160     -1.00     -1.00     -1.00       0  kworker/u2:3-ext4-rsv-conversion
19:00:33        0       209     -1.00     -1.00     -1.00       0  irq/31-f1030000.crypto
19:00:33        0       233     -1.00     -1.00     -1.00       0  kworker/R-mld
19:00:33        0       237     -1.00     -1.00     -1.00       0  kworker/R-ipv6_
19:00:33        0       238     -1.00     -1.00     -1.00       0  kworker/R-dsa_o
19:00:33        0       239     -1.00     -1.00     -1.00       0  kworker/R-kstrp
19:00:33        0       342     -1.00     -1.00     -1.00       0  kworker/u2:4-ext4-rsv-conversion
19:00:33        0       343     -1.00     -1.00     -1.00       0  kworker/0:5-events_power_efficient
19:00:33        0       356     -1.00     -1.00     -1.00       0  ubi_bgt0d
19:00:33        0       361     -1.00     -1.00     -1.00       0  kworker/0:1H
19:00:33        0       366     -1.00     -1.00     -1.00       0  irq/32-gpio_keys
19:00:33        0       367     -1.00     -1.00     -1.00       0  irq/33-gpio_keys
19:00:33        0       396     -1.00     -1.00     -1.00       0  scsi_eh_0
19:00:33        0       397     -1.00     -1.00     -1.00       0  kworker/R-scsi_
19:00:33        0       401     -1.00     -1.00     -1.00       0  scsi_eh_1
19:00:33        0       402     -1.00     -1.00     -1.00       0  kworker/R-scsi_
19:00:33        0       548     -1.00     -1.00     -1.00       0  jbd2/sda1-8
19:00:33        0       549     -1.00     -1.00     -1.00       0  kworker/R-ext4-
19:00:33       81       650     -1.00     -1.00     -1.00       0  ubusd
19:00:33        0       668     -1.00     -1.00     -1.00       0  askfirst
19:00:33        0       737     -1.00     -1.00     -1.00       0  urngd
19:00:33        0       873     -1.00     -1.00     -1.00       0  kworker/R-md
19:00:33        0       874     -1.00     -1.00     -1.00       0  kworker/R-md_bi
19:00:33        0       910     -1.00     -1.00     -1.00       0  kworker/R-xfsal
19:00:33        0       913     -1.00     -1.00     -1.00       0  kworker/R-xfs_m
19:00:33        0      1248     -1.00     -1.00     -1.00       0  jbd2/sda2-8
19:00:33        0      1250     -1.00     -1.00     -1.00       0  kworker/R-ext4-
19:00:33        0      1278     -1.00     -1.00     -1.00       0  jbd2/sda3-8
19:00:33        0      1279     -1.00     -1.00     -1.00       0  kworker/R-ext4-
19:00:33        0      1304     -1.00     -1.00     -1.00       0  jbd2/sdb1-8
19:00:33        0      1305     -1.00     -1.00     -1.00       0  kworker/R-ext4-
19:00:33      514      1349     -1.00     -1.00     -1.00       0  logd
19:00:33        0      1418     -1.00     -1.00     -1.00       0  rpcd
19:00:33        0      1627     -1.00     -1.00     -1.00       0  dnsmasq
19:00:33      453      1649     -1.00     -1.00     -1.00       0  dnsmasq
19:00:33        0      1752     -1.00     -1.00     -1.00       0  dropbear
19:00:33        0      1870     -1.00     -1.00     -1.00       0  netifd
19:00:33        0      1984     -1.00     -1.00     -1.00       0  odhcpd
19:00:33        0      2069     -1.00     -1.00     -1.00       0  crond
19:00:33        0      2153     -1.00     -1.00     -1.00       0  lighttpd
19:00:33        0      2286     -1.00     -1.00     -1.00       0  uhttpd
19:00:33        0      2325     -1.00     -1.00     -1.00       0  vsftpd
19:00:33        0      2398     -1.00     -1.00     -1.00       0  dbus-daemon
19:00:33    65534      2473     -1.00     -1.00     -1.00       0  avahi-daemon
19:00:33        0      2546     -1.00     -1.00     -1.00       0  blockd
19:00:33        0      3303     -1.00     -1.00     -1.00       0  ksmbd.mountd
19:00:33        0      3308     -1.00     -1.00     -1.00       0  ksmbd.mountd
19:00:33        0      3313     -1.00     -1.00     -1.00       0  ksmbd-br-lan
19:00:33        0      3425     -1.00     -1.00     -1.00       0  ntpd
19:00:33      123      3436     -1.00     -1.00     -1.00       0  ntpd
19:00:33        0      3469     -1.00     -1.00     -1.00       0  hdd-spindown-wo
19:00:33        0      3520     -1.00     -1.00     -1.00       0  ttyd
19:00:33        0      3568     -1.00     -1.00     -1.00       0  ubihealthd
19:00:33        0      3687     -1.00     -1.00     -1.00       0  dropbear
19:00:33        0      3688     -1.00     -1.00     -1.00       0  dropbear
19:00:33        0      3689     -1.00     -1.00     -1.00       0  ash
19:00:33        0      3695     -1.00     -1.00     -1.00       0  ash
19:00:33        0      3699     -1.00     -1.00     -1.00       0  sftp-server
19:00:33        0      4196     -1.00     -1.00     -1.00       0  odhcp6c
19:00:33        0      4236     -1.00     -1.00     -1.00       0  vsftpd
19:00:33        0      4239     -1.00     -1.00     -1.00       0  vsftpd
19:00:33        0      4325     -1.00     -1.00     -1.00       0  vsftpd
19:00:33        0      4328     -1.00     -1.00     -1.00       0  vsftpd
19:00:33        0      4967     -1.00     -1.00     -1.00       0  kworker/0:1
19:00:33        0      5182     -1.00     -1.00     -1.00       0  sleep
19:00:33        0      5191     -1.00     -1.00     -1.00       0  pidstat
19:00:33        0      5196     -1.00     -1.00     -1.00       0  sleep

19:00:33      UID       PID    %usr %system  %guest   %wait    %CPU   CPU  Command
19:00:34        0         1    0.00    0.00    0.00    0.00    0.00     0  procd
19:00:34        0         2    0.00    0.00    0.00    0.00    0.00     0  kthreadd
19:00:34        0         3    0.00    0.00    0.00    0.00    0.00     0  pool_workqueue_release
19:00:34        0         4    0.00    0.00    0.00    0.00    0.00     0  kworker/R-slub_
19:00:34        0         5    0.00    0.00    0.00    0.00    0.00     0  kworker/R-netns
19:00:34        0         6    0.00    0.00    0.00    0.00    0.00     0  kworker/0:0-events_power_efficient
19:00:34        0         7    0.00    0.00    0.00    0.00    0.00     0  kworker/0:0H-kblockd
19:00:34        0         9    0.00    0.00    0.00    0.00    0.00     0  kworker/R-mm_pe
19:00:34        0        10    0.00    0.00    0.00    0.00    0.00     0  rcu_tasks_trace_kthread
19:00:34        0        11    0.00    0.00    0.00    0.00    0.00     0  ksoftirqd/0
19:00:34        0        12    0.00    0.00    0.00    0.00    0.00     0  kworker/R-inet_
19:00:34        0        13    0.00    0.00    0.00    0.00    0.00     0  oom_reaper
19:00:34        0        14    0.00    0.00    0.00    0.00    0.00     0  kworker/R-write
19:00:34        0        15    0.00    0.00    0.00    0.00    0.00     0  kcompactd0
19:00:34        0        16    0.00    0.00    0.00    0.00    0.00     0  kworker/R-kbloc
19:00:34        0        17    0.00    0.00    0.00    0.00    0.00     0  kworker/R-blkcg
19:00:34        0        18    0.00    0.00    0.00    0.00    0.00     0  kworker/R-ata_s
19:00:34        0        20    0.00    0.00    0.00    0.00    0.00     0  watchdogd
19:00:34        0        26    0.00    1.00    0.00    0.00    1.00     0  kswapd0
19:00:34        0        29    0.00    0.00    0.00    0.00    0.00     0  kworker/R-kthro
19:00:34        0       141    0.00    0.00    0.00    0.00    0.00     0  kworker/u2:2-events_unbound
19:00:34        0       160    0.00    1.00    0.00    0.00    1.00     0  kworker/u2:3-ext4-rsv-conversion
19:00:34        0       209    0.00    0.00    0.00    0.00    0.00     0  irq/31-f1030000.crypto
19:00:34        0       233    0.00    0.00    0.00    0.00    0.00     0  kworker/R-mld
19:00:34        0       237    0.00    0.00    0.00    0.00    0.00     0  kworker/R-ipv6_
19:00:34        0       238    0.00    0.00    0.00    0.00    0.00     0  kworker/R-dsa_o
19:00:34        0       239    0.00    0.00    0.00    0.00    0.00     0  kworker/R-kstrp
19:00:34        0       342    0.00    0.00    0.00    0.00    0.00     0  kworker/u2:4-ext4-rsv-conversion
19:00:34        0       343    0.00    0.00    0.00    0.00    0.00     0  kworker/0:5-events_power_efficient
19:00:34        0       356    0.00    0.00    0.00    0.00    0.00     0  ubi_bgt0d
19:00:34        0       361    0.00    0.00    0.00    0.00    0.00     0  kworker/0:1H
19:00:34        0       366    0.00    0.00    0.00    0.00    0.00     0  irq/32-gpio_keys
19:00:34        0       367    0.00    0.00    0.00    0.00    0.00     0  irq/33-gpio_keys
19:00:34        0       396    0.00    0.00    0.00    0.00    0.00     0  scsi_eh_0
19:00:34        0       397    0.00    0.00    0.00    0.00    0.00     0  kworker/R-scsi_
19:00:34        0       401    0.00    0.00    0.00    0.00    0.00     0  scsi_eh_1
19:00:34        0       402    0.00    0.00    0.00    0.00    0.00     0  kworker/R-scsi_
19:00:34        0       548    0.00    0.00    0.00    0.00    0.00     0  jbd2/sda1-8
19:00:34        0       549    0.00    0.00    0.00    0.00    0.00     0  kworker/R-ext4-
19:00:34       81       650    0.00    0.00    0.00    0.00    0.00     0  ubusd
19:00:34        0       668    0.00    0.00    0.00    0.00    0.00     0  askfirst
19:00:34        0       737    0.00    0.00    0.00    0.00    0.00     0  urngd
19:00:34        0       873    0.00    0.00    0.00    0.00    0.00     0  kworker/R-md
19:00:34        0       874    0.00    0.00    0.00    0.00    0.00     0  kworker/R-md_bi
19:00:34        0       910    0.00    0.00    0.00    0.00    0.00     0  kworker/R-xfsal
19:00:34        0       913    0.00    0.00    0.00    0.00    0.00     0  kworker/R-xfs_m
19:00:34        0      1248    0.00    0.00    0.00    0.00    0.00     0  jbd2/sda2-8
19:00:34        0      1250    0.00    0.00    0.00    0.00    0.00     0  kworker/R-ext4-
19:00:34        0      1278    0.00    0.00    0.00    0.00    0.00     0  jbd2/sda3-8
19:00:34        0      1279    0.00    0.00    0.00    0.00    0.00     0  kworker/R-ext4-
19:00:34        0      1304    0.00    0.00    0.00    0.00    0.00     0  jbd2/sdb1-8
19:00:34        0      1305    0.00    0.00    0.00    0.00    0.00     0  kworker/R-ext4-
19:00:34      514      1349    0.00    0.00    0.00    0.00    0.00     0  logd
19:00:34        0      1418    0.00    0.00    0.00    0.00    0.00     0  rpcd
19:00:34        0      1627    0.00    0.00    0.00    0.00    0.00     0  dnsmasq
19:00:34      453      1649    0.00    0.00    0.00    0.00    0.00     0  dnsmasq
19:00:34        0      1752    0.00    0.00    0.00    0.00    0.00     0  dropbear
19:00:34        0      1870    0.00    0.00    0.00    0.00    0.00     0  netifd
19:00:34        0      1984    0.00    0.00    0.00    0.00    0.00     0  odhcpd
19:00:34        0      2069    0.00    0.00    0.00    0.00    0.00     0  crond
19:00:34        0      2153    0.00    0.00    0.00    0.00    0.00     0  lighttpd
19:00:34        0      2286    0.00    0.00    0.00    0.00    0.00     0  uhttpd
19:00:34        0      2325    0.00    0.00    0.00    0.00    0.00     0  vsftpd
19:00:34        0      2398    0.00    0.00    0.00    0.00    0.00     0  dbus-daemon
19:00:34    65534      2473    0.00    0.00    0.00    0.00    0.00     0  avahi-daemon
19:00:34        0      2546    0.00    0.00    0.00    0.00    0.00     0  blockd
19:00:34        0      3303    0.00    0.00    0.00    0.00    0.00     0  ksmbd.mountd
19:00:34        0      3308    0.00    0.00    0.00    0.00    0.00     0  ksmbd.mountd
19:00:34        0      3313    0.00    0.00    0.00    0.00    0.00     0  ksmbd-br-lan
19:00:34        0      3425    0.00    0.00    0.00    0.00    0.00     0  ntpd
19:00:34      123      3436    0.00    0.00    0.00    0.00    0.00     0  ntpd
19:00:34        0      3469    0.00    0.00    0.00    0.00    0.00     0  hdd-spindown-wo
19:00:34        0      3520    0.00    0.00    0.00    0.00    0.00     0  ttyd
19:00:34        0      3568    0.00    0.00    0.00    0.00    0.00     0  ubihealthd
19:00:34        0      3687    3.00    5.00    0.00    0.00    8.00     0  dropbear
19:00:34        0      3688    0.00    0.00    0.00    0.00    0.00     0  dropbear
19:00:34        0      3689    0.00    0.00    0.00    0.00    0.00     0  ash
19:00:34        0      3695    1.00    0.00    0.00    0.00    1.00     0  ash
19:00:34        0      3699    0.00    0.00    0.00    0.00    0.00     0  sftp-server
19:00:34        0      4196    0.00    0.00    0.00    0.00    0.00     0  odhcp6c
19:00:34        0      4236    0.00    0.00    0.00    0.00    0.00     0  vsftpd
19:00:34        0      4239    0.00    0.00    0.00    0.00    0.00     0  vsftpd
19:00:34        0      4325    0.00    0.00    0.00    0.00    0.00     0  vsftpd
19:00:34        0      4328    4.00   30.00    0.00    0.00   34.00     0  vsftpd
19:00:34        0      4967    0.00    0.00    0.00    0.00    0.00     0  kworker/0:1
19:00:34        0      5182    0.00    0.00    0.00    0.00    0.00     0  sleep
19:00:34        0      5191    1.00   10.00    0.00    0.00   11.00     0  pidstat
19:00:34        0      5201    0.00    0.00    0.00    0.00    0.00     0  sleep

19:00:33      UID       PID   kB_rd/s   kB_wr/s kB_ccwr/s iodelay  Command
19:00:34        0         1     -1.00     -1.00     -1.00       0  procd
19:00:34        0         2     -1.00     -1.00     -1.00       0  kthreadd
19:00:34        0         3     -1.00     -1.00     -1.00       0  pool_workqueue_release
19:00:34        0         4     -1.00     -1.00     -1.00       0  kworker/R-slub_
19:00:34        0         5     -1.00     -1.00     -1.00       0  kworker/R-netns
19:00:34        0         6     -1.00     -1.00     -1.00       0  kworker/0:0-events_power_efficient
19:00:34        0         7     -1.00     -1.00     -1.00       0  kworker/0:0H-kblockd
19:00:34        0         9     -1.00     -1.00     -1.00       0  kworker/R-mm_pe
19:00:34        0        10     -1.00     -1.00     -1.00       0  rcu_tasks_trace_kthread
19:00:34        0        11     -1.00     -1.00     -1.00       0  ksoftirqd/0
19:00:34        0        12     -1.00     -1.00     -1.00       0  kworker/R-inet_
19:00:34        0        13     -1.00     -1.00     -1.00       0  oom_reaper
19:00:34        0        14     -1.00     -1.00     -1.00       0  kworker/R-write
19:00:34        0        15     -1.00     -1.00     -1.00       0  kcompactd0
19:00:34        0        16     -1.00     -1.00     -1.00       0  kworker/R-kbloc
19:00:34        0        17     -1.00     -1.00     -1.00       0  kworker/R-blkcg
19:00:34        0        18     -1.00     -1.00     -1.00       0  kworker/R-ata_s
19:00:34        0        20     -1.00     -1.00     -1.00       0  watchdogd
19:00:34        0        26     -1.00     -1.00     -1.00       0  kswapd0
19:00:34        0        29     -1.00     -1.00     -1.00       0  kworker/R-kthro
19:00:34        0       141     -1.00     -1.00     -1.00       0  kworker/u2:2-events_unbound
19:00:34        0       160     -1.00     -1.00     -1.00       0  kworker/u2:3-ext4-rsv-conversion
19:00:34        0       209     -1.00     -1.00     -1.00       0  irq/31-f1030000.crypto
19:00:34        0       233     -1.00     -1.00     -1.00       0  kworker/R-mld
19:00:34        0       237     -1.00     -1.00     -1.00       0  kworker/R-ipv6_
19:00:34        0       238     -1.00     -1.00     -1.00       0  kworker/R-dsa_o
19:00:34        0       239     -1.00     -1.00     -1.00       0  kworker/R-kstrp
19:00:34        0       342     -1.00     -1.00     -1.00       0  kworker/u2:4-ext4-rsv-conversion
19:00:34        0       343     -1.00     -1.00     -1.00       0  kworker/0:5-events_power_efficient
19:00:34        0       356     -1.00     -1.00     -1.00       0  ubi_bgt0d
19:00:34        0       361     -1.00     -1.00     -1.00       0  kworker/0:1H
19:00:34        0       366     -1.00     -1.00     -1.00       0  irq/32-gpio_keys
19:00:34        0       367     -1.00     -1.00     -1.00       0  irq/33-gpio_keys
19:00:34        0       396     -1.00     -1.00     -1.00       0  scsi_eh_0
19:00:34        0       397     -1.00     -1.00     -1.00       0  kworker/R-scsi_
19:00:34        0       401     -1.00     -1.00     -1.00       0  scsi_eh_1
19:00:34        0       402     -1.00     -1.00     -1.00       0  kworker/R-scsi_
19:00:34        0       548     -1.00     -1.00     -1.00       0  jbd2/sda1-8
19:00:34        0       549     -1.00     -1.00     -1.00       0  kworker/R-ext4-
19:00:34       81       650     -1.00     -1.00     -1.00       0  ubusd
19:00:34        0       668     -1.00     -1.00     -1.00       0  askfirst
19:00:34        0       737     -1.00     -1.00     -1.00       0  urngd
19:00:34        0       873     -1.00     -1.00     -1.00       0  kworker/R-md
19:00:34        0       874     -1.00     -1.00     -1.00       0  kworker/R-md_bi
19:00:34        0       910     -1.00     -1.00     -1.00       0  kworker/R-xfsal
19:00:34        0       913     -1.00     -1.00     -1.00       0  kworker/R-xfs_m
19:00:34        0      1248     -1.00     -1.00     -1.00       0  jbd2/sda2-8
19:00:34        0      1250     -1.00     -1.00     -1.00       0  kworker/R-ext4-
19:00:34        0      1278     -1.00     -1.00     -1.00       0  jbd2/sda3-8
19:00:34        0      1279     -1.00     -1.00     -1.00       0  kworker/R-ext4-
19:00:34        0      1304     -1.00     -1.00     -1.00       0  jbd2/sdb1-8
19:00:34        0      1305     -1.00     -1.00     -1.00       0  kworker/R-ext4-
19:00:34      514      1349     -1.00     -1.00     -1.00       0  logd
19:00:34        0      1418     -1.00     -1.00     -1.00       0  rpcd
19:00:34        0      1627     -1.00     -1.00     -1.00       0  dnsmasq
19:00:34      453      1649     -1.00     -1.00     -1.00       0  dnsmasq
19:00:34        0      1752     -1.00     -1.00     -1.00       0  dropbear
19:00:34        0      1870     -1.00     -1.00     -1.00       0  netifd
19:00:34        0      1984     -1.00     -1.00     -1.00       0  odhcpd
19:00:34        0      2069     -1.00     -1.00     -1.00       0  crond
19:00:34        0      2153     -1.00     -1.00     -1.00       0  lighttpd
19:00:34        0      2286     -1.00     -1.00     -1.00       0  uhttpd
19:00:34        0      2325     -1.00     -1.00     -1.00       0  vsftpd
19:00:34        0      2398     -1.00     -1.00     -1.00       0  dbus-daemon
19:00:34    65534      2473     -1.00     -1.00     -1.00       0  avahi-daemon
19:00:34        0      2546     -1.00     -1.00     -1.00       0  blockd
19:00:34        0      3303     -1.00     -1.00     -1.00       0  ksmbd.mountd
19:00:34        0      3308     -1.00     -1.00     -1.00       0  ksmbd.mountd
19:00:34        0      3313     -1.00     -1.00     -1.00       0  ksmbd-br-lan
19:00:34        0      3425     -1.00     -1.00     -1.00       0  ntpd
19:00:34      123      3436     -1.00     -1.00     -1.00       0  ntpd
19:00:34        0      3469     -1.00     -1.00     -1.00       0  hdd-spindown-wo
19:00:34        0      3520     -1.00     -1.00     -1.00       0  ttyd
19:00:34        0      3568     -1.00     -1.00     -1.00       0  ubihealthd
19:00:34        0      3687     -1.00     -1.00     -1.00       0  dropbear
19:00:34        0      3688     -1.00     -1.00     -1.00       0  dropbear
19:00:34        0      3689     -1.00     -1.00     -1.00       0  ash
19:00:34        0      3695     -1.00     -1.00     -1.00       0  ash
19:00:34        0      3699     -1.00     -1.00     -1.00       0  sftp-server
19:00:34        0      4196     -1.00     -1.00     -1.00       0  odhcp6c
19:00:34        0      4236     -1.00     -1.00     -1.00       0  vsftpd
19:00:34        0      4239     -1.00     -1.00     -1.00       0  vsftpd
19:00:34        0      4325     -1.00     -1.00     -1.00       0  vsftpd
19:00:34        0      4328     -1.00     -1.00     -1.00       0  vsftpd
19:00:34        0      4967     -1.00     -1.00     -1.00       0  kworker/0:1
19:00:34        0      5182     -1.00     -1.00     -1.00       0  sleep
19:00:34        0      5191     -1.00     -1.00     -1.00       0  pidstat
19:00:34        0      5201     -1.00     -1.00     -1.00       0  sleep

19:00:34      UID       PID    %usr %system  %guest   %wait    %CPU   CPU  Command
19:00:35        0         1    0.00    0.00    0.00    0.00    0.00     0  procd
19:00:35        0         2    0.00    0.00    0.00    0.00    0.00     0  kthreadd
19:00:35        0         3    0.00    0.00    0.00    0.00    0.00     0  pool_workqueue_release
19:00:35        0         4    0.00    0.00    0.00    0.00    0.00     0  kworker/R-slub_
19:00:35        0         5    0.00    0.00    0.00    0.00    0.00     0  kworker/R-netns
19:00:35        0         6    0.00    0.00    0.00    0.00    0.00     0  kworker/0:0-events_power_efficient
19:00:35        0         7    0.00    0.00    0.00    0.00    0.00     0  kworker/0:0H-kblockd
19:00:35        0         9    0.00    0.00    0.00    0.00    0.00     0  kworker/R-mm_pe
19:00:35        0        10    0.00    0.00    0.00    0.00    0.00     0  rcu_tasks_trace_kthread
19:00:35        0        11    0.00    1.00    0.00    0.00    1.00     0  ksoftirqd/0
19:00:35        0        12    0.00    0.00    0.00    0.00    0.00     0  kworker/R-inet_
19:00:35        0        13    0.00    0.00    0.00    0.00    0.00     0  oom_reaper
19:00:35        0        14    0.00    0.00    0.00    0.00    0.00     0  kworker/R-write
19:00:35        0        15    0.00    0.00    0.00    0.00    0.00     0  kcompactd0
19:00:35        0        16    0.00    0.00    0.00    0.00    0.00     0  kworker/R-kbloc
19:00:35        0        17    0.00    0.00    0.00    0.00    0.00     0  kworker/R-blkcg
19:00:35        0        18    0.00    0.00    0.00    0.00    0.00     0  kworker/R-ata_s
19:00:35        0        20    0.00    0.00    0.00    0.00    0.00     0  watchdogd
19:00:35        0        26    0.00    1.00    0.00    0.00    1.00     0  kswapd0
19:00:35        0        29    0.00    0.00    0.00    0.00    0.00     0  kworker/R-kthro
19:00:35        0       141    0.00    1.00    0.00    0.00    1.00     0  kworker/u2:2-events_unbound
19:00:35        0       160    0.00    2.00    0.00    0.00    2.00     0  kworker/u2:3-writeback
19:00:35        0       209    0.00    0.00    0.00    0.00    0.00     0  irq/31-f1030000.crypto
19:00:35        0       233    0.00    0.00    0.00    0.00    0.00     0  kworker/R-mld
19:00:35        0       237    0.00    0.00    0.00    0.00    0.00     0  kworker/R-ipv6_
19:00:35        0       238    0.00    0.00    0.00    0.00    0.00     0  kworker/R-dsa_o
19:00:35        0       239    0.00    0.00    0.00    0.00    0.00     0  kworker/R-kstrp
19:00:35        0       342    0.00    0.00    0.00    0.00    0.00     0  kworker/u2:4-ext4-rsv-conversion
19:00:35        0       343    0.00    0.00    0.00    0.00    0.00     0  kworker/0:5-events_power_efficient
19:00:35        0       356    0.00    0.00    0.00    0.00    0.00     0  ubi_bgt0d
19:00:35        0       361    0.00    0.00    0.00    0.00    0.00     0  kworker/0:1H
19:00:35        0       366    0.00    0.00    0.00    0.00    0.00     0  irq/32-gpio_keys
19:00:35        0       367    0.00    0.00    0.00    0.00    0.00     0  irq/33-gpio_keys
19:00:35        0       396    0.00    0.00    0.00    0.00    0.00     0  scsi_eh_0
19:00:35        0       397    0.00    0.00    0.00    0.00    0.00     0  kworker/R-scsi_
19:00:35        0       401    0.00    0.00    0.00    0.00    0.00     0  scsi_eh_1
19:00:35        0       402    0.00    0.00    0.00    0.00    0.00     0  kworker/R-scsi_
19:00:35        0       548    0.00    0.00    0.00    0.00    0.00     0  jbd2/sda1-8
19:00:35        0       549    0.00    0.00    0.00    0.00    0.00     0  kworker/R-ext4-
19:00:35       81       650    0.00    0.00    0.00    0.00    0.00     0  ubusd
19:00:35        0       668    0.00    0.00    0.00    0.00    0.00     0  askfirst
19:00:35        0       737    0.00    0.00    0.00    0.00    0.00     0  urngd
19:00:35        0       873    0.00    0.00    0.00    0.00    0.00     0  kworker/R-md
19:00:35        0       874    0.00    0.00    0.00    0.00    0.00     0  kworker/R-md_bi
19:00:35        0       910    0.00    0.00    0.00    0.00    0.00     0  kworker/R-xfsal
19:00:35        0       913    0.00    0.00    0.00    0.00    0.00     0  kworker/R-xfs_m
19:00:35        0      1248    0.00    0.00    0.00    0.00    0.00     0  jbd2/sda2-8
19:00:35        0      1250    0.00    0.00    0.00    0.00    0.00     0  kworker/R-ext4-
19:00:35        0      1278    0.00    0.00    0.00    0.00    0.00     0  jbd2/sda3-8
19:00:35        0      1279    0.00    0.00    0.00    0.00    0.00     0  kworker/R-ext4-
19:00:35        0      1304    0.00    0.00    0.00    0.00    0.00     0  jbd2/sdb1-8
19:00:35        0      1305    0.00    0.00    0.00    0.00    0.00     0  kworker/R-ext4-
19:00:35      514      1349    0.00    0.00    0.00    0.00    0.00     0  logd
19:00:35        0      1418    0.00    0.00    0.00    0.00    0.00     0  rpcd
19:00:35        0      1627    0.00    0.00    0.00    0.00    0.00     0  dnsmasq
19:00:35      453      1649    0.00    0.00    0.00    0.00    0.00     0  dnsmasq
19:00:35        0      1752    0.00    0.00    0.00    0.00    0.00     0  dropbear
19:00:35        0      1870    0.00    0.00    0.00    0.00    0.00     0  netifd
19:00:35        0      1984    0.00    0.00    0.00    0.00    0.00     0  odhcpd
19:00:35        0      2069    0.00    0.00    0.00    0.00    0.00     0  crond
19:00:35        0      2153    0.00    0.00    0.00    0.00    0.00     0  lighttpd
19:00:35        0      2286    0.00    0.00    0.00    0.00    0.00     0  uhttpd
19:00:35        0      2325    0.00    0.00    0.00    0.00    0.00     0  vsftpd
19:00:35        0      2398    0.00    0.00    0.00    0.00    0.00     0  dbus-daemon
19:00:35    65534      2473    0.00    0.00    0.00    0.00    0.00     0  avahi-daemon
19:00:35        0      2546    0.00    0.00    0.00    0.00    0.00     0  blockd
19:00:35        0      3303    0.00    0.00    0.00    0.00    0.00     0  ksmbd.mountd
19:00:35        0      3308    0.00    0.00    0.00    0.00    0.00     0  ksmbd.mountd
19:00:35        0      3313    0.00    1.00    0.00    0.00    1.00     0  ksmbd-br-lan
19:00:35        0      3425    0.00    0.00    0.00    0.00    0.00     0  ntpd
19:00:35      123      3436    0.00    0.00    0.00    0.00    0.00     0  ntpd
19:00:35        0      3469    0.00    0.00    0.00    0.00    0.00     0  hdd-spindown-wo
19:00:35        0      3520    0.00    0.00    0.00    0.00    0.00     0  ttyd
19:00:35        0      3568    0.00    0.00    0.00    0.00    0.00     0  ubihealthd
19:00:35        0      3687    2.00    7.00    0.00    0.00    9.00     0  dropbear
19:00:35        0      3688    0.00    0.00    0.00    0.00    0.00     0  dropbear
19:00:35        0      3689    0.00    0.00    0.00    0.00    0.00     0  ash
19:00:35        0      3695    0.00    1.00    0.00    0.00    1.00     0  ash
19:00:35        0      3699    0.00    0.00    0.00    0.00    0.00     0  sftp-server
19:00:35        0      4196    0.00    0.00    0.00    0.00    0.00     0  odhcp6c
19:00:35        0      4236    0.00    0.00    0.00    0.00    0.00     0  vsftpd
19:00:35        0      4239    0.00    0.00    0.00    0.00    0.00     0  vsftpd
19:00:35        0      4325    0.00    0.00    0.00    0.00    0.00     0  vsftpd
19:00:35        0      4328    5.00   28.00    0.00    0.00   33.00     0  vsftpd
19:00:35        0      4967    0.00    0.00    0.00    0.00    0.00     0  kworker/0:1
19:00:35        0      5182    0.00    0.00    0.00    0.00    0.00     0  sleep
19:00:35        0      5191    4.00    8.00    0.00    0.00   12.00     0  pidstat

19:00:34      UID       PID   kB_rd/s   kB_wr/s kB_ccwr/s iodelay  Command
19:00:35        0         1     -1.00     -1.00     -1.00       0  procd
19:00:35        0         2     -1.00     -1.00     -1.00       0  kthreadd
19:00:35        0         3     -1.00     -1.00     -1.00       0  pool_workqueue_release
19:00:35        0         4     -1.00     -1.00     -1.00       0  kworker/R-slub_
19:00:35        0         5     -1.00     -1.00     -1.00       0  kworker/R-netns
19:00:35        0         6     -1.00     -1.00     -1.00       0  kworker/0:0-events_power_efficient
19:00:35        0         7     -1.00     -1.00     -1.00       0  kworker/0:0H-kblockd
19:00:35        0         9     -1.00     -1.00     -1.00       0  kworker/R-mm_pe
19:00:35        0        10     -1.00     -1.00     -1.00       0  rcu_tasks_trace_kthread
19:00:35        0        11     -1.00     -1.00     -1.00       0  ksoftirqd/0
19:00:35        0        12     -1.00     -1.00     -1.00       0  kworker/R-inet_
19:00:35        0        13     -1.00     -1.00     -1.00       0  oom_reaper
19:00:35        0        14     -1.00     -1.00     -1.00       0  kworker/R-write
19:00:35        0        15     -1.00     -1.00     -1.00       0  kcompactd0
19:00:35        0        16     -1.00     -1.00     -1.00       0  kworker/R-kbloc
19:00:35        0        17     -1.00     -1.00     -1.00       0  kworker/R-blkcg
19:00:35        0        18     -1.00     -1.00     -1.00       0  kworker/R-ata_s
19:00:35        0        20     -1.00     -1.00     -1.00       0  watchdogd
19:00:35        0        26     -1.00     -1.00     -1.00       0  kswapd0
19:00:35        0        29     -1.00     -1.00     -1.00       0  kworker/R-kthro
19:00:35        0       141     -1.00     -1.00     -1.00       0  kworker/u2:2-events_unbound
19:00:35        0       160     -1.00     -1.00     -1.00       0  kworker/u2:3-writeback
19:00:35        0       209     -1.00     -1.00     -1.00       0  irq/31-f1030000.crypto
19:00:35        0       233     -1.00     -1.00     -1.00       0  kworker/R-mld
19:00:35        0       237     -1.00     -1.00     -1.00       0  kworker/R-ipv6_
19:00:35        0       238     -1.00     -1.00     -1.00       0  kworker/R-dsa_o
19:00:35        0       239     -1.00     -1.00     -1.00       0  kworker/R-kstrp
19:00:35        0       342     -1.00     -1.00     -1.00       0  kworker/u2:4-ext4-rsv-conversion
19:00:35        0       343     -1.00     -1.00     -1.00       0  kworker/0:5-events_power_efficient
19:00:35        0       356     -1.00     -1.00     -1.00       0  ubi_bgt0d
19:00:35        0       361     -1.00     -1.00     -1.00       0  kworker/0:1H
19:00:35        0       366     -1.00     -1.00     -1.00       0  irq/32-gpio_keys
19:00:35        0       367     -1.00     -1.00     -1.00       0  irq/33-gpio_keys
19:00:35        0       396     -1.00     -1.00     -1.00       0  scsi_eh_0
19:00:35        0       397     -1.00     -1.00     -1.00       0  kworker/R-scsi_
19:00:35        0       401     -1.00     -1.00     -1.00       0  scsi_eh_1
19:00:35        0       402     -1.00     -1.00     -1.00       0  kworker/R-scsi_
19:00:35        0       548     -1.00     -1.00     -1.00       0  jbd2/sda1-8
19:00:35        0       549     -1.00     -1.00     -1.00       0  kworker/R-ext4-
19:00:35       81       650     -1.00     -1.00     -1.00       0  ubusd
19:00:35        0       668     -1.00     -1.00     -1.00       0  askfirst
19:00:35        0       737     -1.00     -1.00     -1.00       0  urngd
19:00:35        0       873     -1.00     -1.00     -1.00       0  kworker/R-md
19:00:35        0       874     -1.00     -1.00     -1.00       0  kworker/R-md_bi
19:00:35        0       910     -1.00     -1.00     -1.00       0  kworker/R-xfsal
19:00:35        0       913     -1.00     -1.00     -1.00       0  kworker/R-xfs_m
19:00:35        0      1248     -1.00     -1.00     -1.00       0  jbd2/sda2-8
19:00:35        0      1250     -1.00     -1.00     -1.00       0  kworker/R-ext4-
19:00:35        0      1278     -1.00     -1.00     -1.00       0  jbd2/sda3-8
19:00:35        0      1279     -1.00     -1.00     -1.00       0  kworker/R-ext4-
19:00:35        0      1304     -1.00     -1.00     -1.00       0  jbd2/sdb1-8
19:00:35        0      1305     -1.00     -1.00     -1.00       0  kworker/R-ext4-
19:00:35      514      1349     -1.00     -1.00     -1.00       0  logd
19:00:35        0      1418     -1.00     -1.00     -1.00       0  rpcd
19:00:35        0      1627     -1.00     -1.00     -1.00       0  dnsmasq
19:00:35      453      1649     -1.00     -1.00     -1.00       0  dnsmasq
19:00:35        0      1752     -1.00     -1.00     -1.00       0  dropbear
19:00:35        0      1870     -1.00     -1.00     -1.00       0  netifd
19:00:35        0      1984     -1.00     -1.00     -1.00       0  odhcpd
19:00:35        0      2069     -1.00     -1.00     -1.00       0  crond
19:00:35        0      2153     -1.00     -1.00     -1.00       0  lighttpd
19:00:35        0      2286     -1.00     -1.00     -1.00       0  uhttpd
19:00:35        0      2325     -1.00     -1.00     -1.00       0  vsftpd
19:00:35        0      2398     -1.00     -1.00     -1.00       0  dbus-daemon
19:00:35    65534      2473     -1.00     -1.00     -1.00       0  avahi-daemon
19:00:35        0      2546     -1.00     -1.00     -1.00       0  blockd
19:00:35        0      3303     -1.00     -1.00     -1.00       0  ksmbd.mountd
19:00:35        0      3308     -1.00     -1.00     -1.00       0  ksmbd.mountd
19:00:35        0      3313     -1.00     -1.00     -1.00       0  ksmbd-br-lan
19:00:35        0      3425     -1.00     -1.00     -1.00       0  ntpd
19:00:35      123      3436     -1.00     -1.00     -1.00       0  ntpd
19:00:35        0      3469     -1.00     -1.00     -1.00       0  hdd-spindown-wo
19:00:35        0      3520     -1.00     -1.00     -1.00       0  ttyd
19:00:35        0      3568     -1.00     -1.00     -1.00       0  ubihealthd
19:00:35        0      3687     -1.00     -1.00     -1.00       0  dropbear
19:00:35        0      3688     -1.00     -1.00     -1.00       0  dropbear
19:00:35        0      3689     -1.00     -1.00     -1.00       0  ash
19:00:35        0      3695     -1.00     -1.00     -1.00       0  ash
19:00:35        0      3699     -1.00     -1.00     -1.00       0  sftp-server
19:00:35        0      4196     -1.00     -1.00     -1.00       0  odhcp6c
19:00:35        0      4236     -1.00     -1.00     -1.00       0  vsftpd
19:00:35        0      4239     -1.00     -1.00     -1.00       0  vsftpd
19:00:35        0      4325     -1.00     -1.00     -1.00       0  vsftpd
19:00:35        0      4328     -1.00     -1.00     -1.00       0  vsftpd
19:00:35        0      4967     -1.00     -1.00     -1.00       0  kworker/0:1
19:00:35        0      5182     -1.00     -1.00     -1.00       0  sleep
19:00:35        0      5191     -1.00     -1.00     -1.00       0  pidstat

19:00:35      UID       PID    %usr %system  %guest   %wait    %CPU   CPU  Command
19:00:36        0         1    0.00    0.00    0.00    0.00    0.00     0  procd
19:00:36        0         2    0.00    0.00    0.00    0.00    0.00     0  kthreadd
19:00:36        0         3    0.00    0.00    0.00    0.00    0.00     0  pool_workqueue_release
19:00:36        0         4    0.00    0.00    0.00    0.00    0.00     0  kworker/R-slub_
19:00:36        0         5    0.00    0.00    0.00    0.00    0.00     0  kworker/R-netns
19:00:36        0         6    0.00    0.00    0.00    0.00    0.00     0  kworker/0:0-events_power_efficient
19:00:36        0         7    0.00    0.00    0.00    0.00    0.00     0  kworker/0:0H-kblockd
19:00:36        0         9    0.00    0.00    0.00    0.00    0.00     0  kworker/R-mm_pe
19:00:36        0        10    0.00    0.00    0.00    0.00    0.00     0  rcu_tasks_trace_kthread
19:00:36        0        11    0.00    0.00    0.00    0.00    0.00     0  ksoftirqd/0
19:00:36        0        12    0.00    0.00    0.00    0.00    0.00     0  kworker/R-inet_
19:00:36        0        13    0.00    0.00    0.00    0.00    0.00     0  oom_reaper
19:00:36        0        14    0.00    0.00    0.00    0.00    0.00     0  kworker/R-write
19:00:36        0        15    0.00    0.00    0.00    0.00    0.00     0  kcompactd0
19:00:36        0        16    0.00    0.00    0.00    0.00    0.00     0  kworker/R-kbloc
19:00:36        0        17    0.00    0.00    0.00    0.00    0.00     0  kworker/R-blkcg
19:00:36        0        18    0.00    0.00    0.00    0.00    0.00     0  kworker/R-ata_s
19:00:36        0        20    0.00    0.00    0.00    0.00    0.00     0  watchdogd
19:00:36        0        26    0.00    2.00    0.00    0.00    2.00     0  kswapd0
19:00:36        0        29    0.00    0.00    0.00    0.00    0.00     0  kworker/R-kthro
19:00:36        0       141    0.00    0.00    0.00    0.00    0.00     0  kworker/u2:2-events_unbound
19:00:36        0       160    0.00    3.00    0.00    0.00    3.00     0  kworker/u2:3-writeback
19:00:36        0       209    0.00    0.00    0.00    0.00    0.00     0  irq/31-f1030000.crypto
19:00:36        0       233    0.00    0.00    0.00    0.00    0.00     0  kworker/R-mld
19:00:36        0       237    0.00    0.00    0.00    0.00    0.00     0  kworker/R-ipv6_
19:00:36        0       238    0.00    0.00    0.00    0.00    0.00     0  kworker/R-dsa_o
19:00:36        0       239    0.00    0.00    0.00    0.00    0.00     0  kworker/R-kstrp
19:00:36        0       342    0.00    0.00    0.00    0.00    0.00     0  kworker/u2:4-ext4-rsv-conversion
19:00:36        0       343    0.00    0.00    0.00    0.00    0.00     0  kworker/0:5-events_power_efficient
19:00:36        0       356    0.00    0.00    0.00    0.00    0.00     0  ubi_bgt0d
19:00:36        0       361    0.00    0.00    0.00    0.00    0.00     0  kworker/0:1H
19:00:36        0       366    0.00    0.00    0.00    0.00    0.00     0  irq/32-gpio_keys
19:00:36        0       367    0.00    0.00    0.00    0.00    0.00     0  irq/33-gpio_keys
19:00:36        0       396    0.00    0.00    0.00    0.00    0.00     0  scsi_eh_0
19:00:36        0       397    0.00    0.00    0.00    0.00    0.00     0  kworker/R-scsi_
19:00:36        0       401    0.00    0.00    0.00    0.00    0.00     0  scsi_eh_1
19:00:36        0       402    0.00    0.00    0.00    0.00    0.00     0  kworker/R-scsi_
19:00:36        0       548    0.00    0.00    0.00    0.00    0.00     0  jbd2/sda1-8
19:00:36        0       549    0.00    0.00    0.00    0.00    0.00     0  kworker/R-ext4-
19:00:36       81       650    0.00    0.00    0.00    0.00    0.00     0  ubusd
19:00:36        0       668    0.00    0.00    0.00    0.00    0.00     0  askfirst
19:00:36        0       737    0.00    0.00    0.00    0.00    0.00     0  urngd
19:00:36        0       873    0.00    0.00    0.00    0.00    0.00     0  kworker/R-md
19:00:36        0       874    0.00    0.00    0.00    0.00    0.00     0  kworker/R-md_bi
19:00:36        0       910    0.00    0.00    0.00    0.00    0.00     0  kworker/R-xfsal
19:00:36        0       913    0.00    0.00    0.00    0.00    0.00     0  kworker/R-xfs_m
19:00:36        0      1248    0.00    0.00    0.00    0.00    0.00     0  jbd2/sda2-8
19:00:36        0      1250    0.00    0.00    0.00    0.00    0.00     0  kworker/R-ext4-
19:00:36        0      1278    0.00    0.00    0.00    0.00    0.00     0  jbd2/sda3-8
19:00:36        0      1279    0.00    0.00    0.00    0.00    0.00     0  kworker/R-ext4-
19:00:36        0      1304    0.00    0.00    0.00    0.00    0.00     0  jbd2/sdb1-8
19:00:36        0      1305    0.00    0.00    0.00    0.00    0.00     0  kworker/R-ext4-
19:00:36      514      1349    0.00    0.00    0.00    0.00    0.00     0  logd
19:00:36        0      1418    0.00    0.00    0.00    0.00    0.00     0  rpcd
19:00:36        0      1627    0.00    0.00    0.00    0.00    0.00     0  dnsmasq
19:00:36      453      1649    0.00    0.00    0.00    0.00    0.00     0  dnsmasq
19:00:36        0      1752    0.00    0.00    0.00    0.00    0.00     0  dropbear
19:00:36        0      1870    0.00    0.00    0.00    0.00    0.00     0  netifd
19:00:36        0      1984    0.00    0.00    0.00    0.00    0.00     0  odhcpd
19:00:36        0      2069    0.00    0.00    0.00    0.00    0.00     0  crond
19:00:36        0      2153    0.00    0.00    0.00    0.00    0.00     0  lighttpd
19:00:36        0      2286    0.00    0.00    0.00    0.00    0.00     0  uhttpd
19:00:36        0      2325    0.00    0.00    0.00    0.00    0.00     0  vsftpd
19:00:36        0      2398    0.00    0.00    0.00    0.00    0.00     0  dbus-daemon
19:00:36    65534      2473    0.00    0.00    0.00    0.00    0.00     0  avahi-daemon
19:00:36        0      2546    0.00    0.00    0.00    0.00    0.00     0  blockd
19:00:36        0      3303    0.00    0.00    0.00    0.00    0.00     0  ksmbd.mountd
19:00:36        0      3308    0.00    0.00    0.00    0.00    0.00     0  ksmbd.mountd
19:00:36        0      3313    0.00    0.00    0.00    0.00    0.00     0  ksmbd-br-lan
19:00:36        0      3425    0.00    0.00    0.00    0.00    0.00     0  ntpd
19:00:36      123      3436    0.00    0.00    0.00    0.00    0.00     0  ntpd
19:00:36        0      3469    0.00    0.00    0.00    0.00    0.00     0  hdd-spindown-wo
19:00:36        0      3520    0.00    0.00    0.00    0.00    0.00     0  ttyd
19:00:36        0      3568    0.00    0.00    0.00    0.00    0.00     0  ubihealthd
19:00:36        0      3687    3.00    4.00    0.00    0.00    7.00     0  dropbear
19:00:36        0      3688    0.00    0.00    0.00    0.00    0.00     0  dropbear
19:00:36        0      3689    0.00    0.00    0.00    0.00    0.00     0  ash
19:00:36        0      3695    0.00    0.00    0.00    0.00    0.00     0  ash
19:00:36        0      3699    0.00    0.00    0.00    0.00    0.00     0  sftp-server
19:00:36        0      4196    0.00    0.00    0.00    0.00    0.00     0  odhcp6c
19:00:36        0      4236    0.00    0.00    0.00    0.00    0.00     0  vsftpd
19:00:36        0      4239    0.00    0.00    0.00    0.00    0.00     0  vsftpd
19:00:36        0      4325    0.00    0.00    0.00    0.00    0.00     0  vsftpd
19:00:36        0      4328    2.00   30.00    0.00    0.00   32.00     0  vsftpd
19:00:36        0      4967    0.00    0.00    0.00    0.00    0.00     0  kworker/0:1
19:00:36        0      5182    0.00    0.00    0.00    0.00    0.00     0  sleep
19:00:36        0      5191    6.00    6.00    0.00    0.00   12.00     0  pidstat

19:00:35      UID       PID   kB_rd/s   kB_wr/s kB_ccwr/s iodelay  Command
19:00:36        0         1     -1.00     -1.00     -1.00       0  procd
19:00:36        0         2     -1.00     -1.00     -1.00       0  kthreadd
19:00:36        0         3     -1.00     -1.00     -1.00       0  pool_workqueue_release
19:00:36        0         4     -1.00     -1.00     -1.00       0  kworker/R-slub_
19:00:36        0         5     -1.00     -1.00     -1.00       0  kworker/R-netns
19:00:36        0         6     -1.00     -1.00     -1.00       0  kworker/0:0-events_power_efficient
19:00:36        0         7     -1.00     -1.00     -1.00       0  kworker/0:0H-kblockd
19:00:36        0         9     -1.00     -1.00     -1.00       0  kworker/R-mm_pe
19:00:36        0        10     -1.00     -1.00     -1.00       0  rcu_tasks_trace_kthread
19:00:36        0        11     -1.00     -1.00     -1.00       0  ksoftirqd/0
19:00:36        0        12     -1.00     -1.00     -1.00       0  kworker/R-inet_
19:00:36        0        13     -1.00     -1.00     -1.00       0  oom_reaper
19:00:36        0        14     -1.00     -1.00     -1.00       0  kworker/R-write
19:00:36        0        15     -1.00     -1.00     -1.00       0  kcompactd0
19:00:36        0        16     -1.00     -1.00     -1.00       0  kworker/R-kbloc
19:00:36        0        17     -1.00     -1.00     -1.00       0  kworker/R-blkcg
19:00:36        0        18     -1.00     -1.00     -1.00       0  kworker/R-ata_s
19:00:36        0        20     -1.00     -1.00     -1.00       0  watchdogd
19:00:36        0        26     -1.00     -1.00     -1.00       0  kswapd0
19:00:36        0        29     -1.00     -1.00     -1.00       0  kworker/R-kthro
19:00:36        0       141     -1.00     -1.00     -1.00       0  kworker/u2:2-events_unbound
19:00:36        0       160     -1.00     -1.00     -1.00       0  kworker/u2:3-writeback
19:00:36        0       209     -1.00     -1.00     -1.00       0  irq/31-f1030000.crypto
19:00:36        0       233     -1.00     -1.00     -1.00       0  kworker/R-mld
19:00:36        0       237     -1.00     -1.00     -1.00       0  kworker/R-ipv6_
19:00:36        0       238     -1.00     -1.00     -1.00       0  kworker/R-dsa_o
19:00:36        0       239     -1.00     -1.00     -1.00       0  kworker/R-kstrp
19:00:36        0       342     -1.00     -1.00     -1.00       0  kworker/u2:4-ext4-rsv-conversion
19:00:36        0       343     -1.00     -1.00     -1.00       0  kworker/0:5-events_power_efficient
19:00:36        0       356     -1.00     -1.00     -1.00       0  ubi_bgt0d
19:00:36        0       361     -1.00     -1.00     -1.00       0  kworker/0:1H
19:00:36        0       366     -1.00     -1.00     -1.00       0  irq/32-gpio_keys
19:00:36        0       367     -1.00     -1.00     -1.00       0  irq/33-gpio_keys
19:00:36        0       396     -1.00     -1.00     -1.00       0  scsi_eh_0
19:00:36        0       397     -1.00     -1.00     -1.00       0  kworker/R-scsi_
19:00:36        0       401     -1.00     -1.00     -1.00       0  scsi_eh_1
19:00:36        0       402     -1.00     -1.00     -1.00       0  kworker/R-scsi_
19:00:36        0       548     -1.00     -1.00     -1.00       0  jbd2/sda1-8
19:00:36        0       549     -1.00     -1.00     -1.00       0  kworker/R-ext4-
19:00:36       81       650     -1.00     -1.00     -1.00       0  ubusd
19:00:36        0       668     -1.00     -1.00     -1.00       0  askfirst
19:00:36        0       737     -1.00     -1.00     -1.00       0  urngd
19:00:36        0       873     -1.00     -1.00     -1.00       0  kworker/R-md
19:00:36        0       874     -1.00     -1.00     -1.00       0  kworker/R-md_bi
19:00:36        0       910     -1.00     -1.00     -1.00       0  kworker/R-xfsal
19:00:36        0       913     -1.00     -1.00     -1.00       0  kworker/R-xfs_m
19:00:36        0      1248     -1.00     -1.00     -1.00       0  jbd2/sda2-8
19:00:36        0      1250     -1.00     -1.00     -1.00       0  kworker/R-ext4-
19:00:36        0      1278     -1.00     -1.00     -1.00       0  jbd2/sda3-8
19:00:36        0      1279     -1.00     -1.00     -1.00       0  kworker/R-ext4-
19:00:36        0      1304     -1.00     -1.00     -1.00       0  jbd2/sdb1-8
19:00:36        0      1305     -1.00     -1.00     -1.00       0  kworker/R-ext4-
19:00:36      514      1349     -1.00     -1.00     -1.00       0  logd
19:00:36        0      1418     -1.00     -1.00     -1.00       0  rpcd
19:00:36        0      1627     -1.00     -1.00     -1.00       0  dnsmasq
19:00:36      453      1649     -1.00     -1.00     -1.00       0  dnsmasq
19:00:36        0      1752     -1.00     -1.00     -1.00       0  dropbear
19:00:36        0      1870     -1.00     -1.00     -1.00       0  netifd
19:00:36        0      1984     -1.00     -1.00     -1.00       0  odhcpd
19:00:36        0      2069     -1.00     -1.00     -1.00       0  crond
19:00:36        0      2153     -1.00     -1.00     -1.00       0  lighttpd
19:00:36        0      2286     -1.00     -1.00     -1.00       0  uhttpd
19:00:36        0      2325     -1.00     -1.00     -1.00       0  vsftpd
19:00:36        0      2398     -1.00     -1.00     -1.00       0  dbus-daemon
19:00:36    65534      2473     -1.00     -1.00     -1.00       0  avahi-daemon
19:00:36        0      2546     -1.00     -1.00     -1.00       0  blockd
19:00:36        0      3303     -1.00     -1.00     -1.00       0  ksmbd.mountd
19:00:36        0      3308     -1.00     -1.00     -1.00       0  ksmbd.mountd
19:00:36        0      3313     -1.00     -1.00     -1.00       0  ksmbd-br-lan
19:00:36        0      3425     -1.00     -1.00     -1.00       0  ntpd
19:00:36      123      3436     -1.00     -1.00     -1.00       0  ntpd
19:00:36        0      3469     -1.00     -1.00     -1.00       0  hdd-spindown-wo
19:00:36        0      3520     -1.00     -1.00     -1.00       0  ttyd
19:00:36        0      3568     -1.00     -1.00     -1.00       0  ubihealthd
19:00:36        0      3687     -1.00     -1.00     -1.00       0  dropbear
19:00:36        0      3688     -1.00     -1.00     -1.00       0  dropbear
19:00:36        0      3689     -1.00     -1.00     -1.00       0  ash
19:00:36        0      3695     -1.00     -1.00     -1.00       0  ash
19:00:36        0      3699     -1.00     -1.00     -1.00       0  sftp-server
19:00:36        0      4196     -1.00     -1.00     -1.00       0  odhcp6c
19:00:36        0      4236     -1.00     -1.00     -1.00       0  vsftpd
19:00:36        0      4239     -1.00     -1.00     -1.00       0  vsftpd
19:00:36        0      4325     -1.00     -1.00     -1.00       0  vsftpd
19:00:36        0      4328     -1.00     -1.00     -1.00       0  vsftpd
19:00:36        0      4967     -1.00     -1.00     -1.00       0  kworker/0:1
19:00:36        0      5182     -1.00     -1.00     -1.00       0  sleep
19:00:36        0      5191     -1.00     -1.00     -1.00       0  pidstat

19:00:36      UID       PID    %usr %system  %guest   %wait    %CPU   CPU  Command
19:00:37        0         1    0.00    0.00    0.00    0.00    0.00     0  procd
19:00:37        0         2    0.00    0.00    0.00    0.00    0.00     0  kthreadd
19:00:37        0         3    0.00    0.00    0.00    0.00    0.00     0  pool_workqueue_release
19:00:37        0         4    0.00    0.00    0.00    0.00    0.00     0  kworker/R-slub_
19:00:37        0         5    0.00    0.00    0.00    0.00    0.00     0  kworker/R-netns
19:00:37        0         6    0.00    0.00    0.00    0.00    0.00     0  kworker/0:0-events_power_efficient
19:00:37        0         7    0.00    0.00    0.00    0.00    0.00     0  kworker/0:0H-kblockd
19:00:37        0         9    0.00    0.00    0.00    0.00    0.00     0  kworker/R-mm_pe
19:00:37        0        10    0.00    0.00    0.00    0.00    0.00     0  rcu_tasks_trace_kthread
19:00:37        0        11    0.00    0.00    0.00    0.00    0.00     0  ksoftirqd/0
19:00:37        0        12    0.00    0.00    0.00    0.00    0.00     0  kworker/R-inet_
19:00:37        0        13    0.00    0.00    0.00    0.00    0.00     0  oom_reaper
19:00:37        0        14    0.00    0.00    0.00    0.00    0.00     0  kworker/R-write
19:00:37        0        15    0.00    0.00    0.00    0.00    0.00     0  kcompactd0
19:00:37        0        16    0.00    0.00    0.00    0.00    0.00     0  kworker/R-kbloc
19:00:37        0        17    0.00    0.00    0.00    0.00    0.00     0  kworker/R-blkcg
19:00:37        0        18    0.00    0.00    0.00    0.00    0.00     0  kworker/R-ata_s
19:00:37        0        20    0.00    0.00    0.00    0.00    0.00     0  watchdogd
19:00:37        0        26    0.00    1.00    0.00    0.00    1.00     0  kswapd0
19:00:37        0        29    0.00    0.00    0.00    0.00    0.00     0  kworker/R-kthro
19:00:37        0       141    0.00    0.00    0.00    0.00    0.00     0  kworker/u2:2-events_unbound
19:00:37        0       160    0.00    2.00    0.00    0.00    2.00     0  kworker/u2:3-ext4-rsv-conversion
19:00:37        0       209    0.00    0.00    0.00    0.00    0.00     0  irq/31-f1030000.crypto
19:00:37        0       233    0.00    0.00    0.00    0.00    0.00     0  kworker/R-mld
19:00:37        0       237    0.00    0.00    0.00    0.00    0.00     0  kworker/R-ipv6_
19:00:37        0       238    0.00    0.00    0.00    0.00    0.00     0  kworker/R-dsa_o
19:00:37        0       239    0.00    0.00    0.00    0.00    0.00     0  kworker/R-kstrp
19:00:37        0       342    0.00    0.00    0.00    0.00    0.00     0  kworker/u2:4-ext4-rsv-conversion
19:00:37        0       343    0.00    0.00    0.00    0.00    0.00     0  kworker/0:5-events_power_efficient
19:00:37        0       356    0.00    0.00    0.00    0.00    0.00     0  ubi_bgt0d
19:00:37        0       361    0.00    0.00    0.00    0.00    0.00     0  kworker/0:1H
19:00:37        0       366    0.00    0.00    0.00    0.00    0.00     0  irq/32-gpio_keys
19:00:37        0       367    0.00    0.00    0.00    0.00    0.00     0  irq/33-gpio_keys
19:00:37        0       396    0.00    0.00    0.00    0.00    0.00     0  scsi_eh_0
19:00:37        0       397    0.00    0.00    0.00    0.00    0.00     0  kworker/R-scsi_
19:00:37        0       401    0.00    0.00    0.00    0.00    0.00     0  scsi_eh_1
19:00:37        0       402    0.00    0.00    0.00    0.00    0.00     0  kworker/R-scsi_
19:00:37        0       548    0.00    0.00    0.00    0.00    0.00     0  jbd2/sda1-8
19:00:37        0       549    0.00    0.00    0.00    0.00    0.00     0  kworker/R-ext4-
19:00:37       81       650    0.00    0.00    0.00    0.00    0.00     0  ubusd
19:00:37        0       668    0.00    0.00    0.00    0.00    0.00     0  askfirst
19:00:37        0       737    0.00    0.00    0.00    0.00    0.00     0  urngd
19:00:37        0       873    0.00    0.00    0.00    0.00    0.00     0  kworker/R-md
19:00:37        0       874    0.00    0.00    0.00    0.00    0.00     0  kworker/R-md_bi
19:00:37        0       910    0.00    0.00    0.00    0.00    0.00     0  kworker/R-xfsal
19:00:37        0       913    0.00    0.00    0.00    0.00    0.00     0  kworker/R-xfs_m
19:00:37        0      1248    0.00    0.00    0.00    0.00    0.00     0  jbd2/sda2-8
19:00:37        0      1250    0.00    0.00    0.00    0.00    0.00     0  kworker/R-ext4-
19:00:37        0      1278    0.00    0.00    0.00    0.00    0.00     0  jbd2/sda3-8
19:00:37        0      1279    0.00    0.00    0.00    0.00    0.00     0  kworker/R-ext4-
19:00:37        0      1304    0.00    0.00    0.00    0.00    0.00     0  jbd2/sdb1-8
19:00:37        0      1305    0.00    0.00    0.00    0.00    0.00     0  kworker/R-ext4-
19:00:37      514      1349    0.00    0.00    0.00    0.00    0.00     0  logd
19:00:37        0      1418    0.00    0.00    0.00    0.00    0.00     0  rpcd
19:00:37        0      1627    0.00    0.00    0.00    0.00    0.00     0  dnsmasq
19:00:37      453      1649    0.00    0.00    0.00    0.00    0.00     0  dnsmasq
19:00:37        0      1752    0.00    0.00    0.00    0.00    0.00     0  dropbear
19:00:37        0      1870    0.00    0.00    0.00    0.00    0.00     0  netifd
19:00:37        0      1984    0.00    0.00    0.00    0.00    0.00     0  odhcpd
19:00:37        0      2069    0.00    0.00    0.00    0.00    0.00     0  crond
19:00:37        0      2153    0.00    0.00    0.00    0.00    0.00     0  lighttpd
19:00:37        0      2286    0.00    0.00    0.00    0.00    0.00     0  uhttpd
19:00:37        0      2325    0.00    0.00    0.00    0.00    0.00     0  vsftpd
19:00:37        0      2398    0.00    0.00    0.00    0.00    0.00     0  dbus-daemon
19:00:37    65534      2473    0.00    0.00    0.00    0.00    0.00     0  avahi-daemon
19:00:37        0      2546    0.00    0.00    0.00    0.00    0.00     0  blockd
19:00:37        0      3303    0.00    0.00    0.00    0.00    0.00     0  ksmbd.mountd
19:00:37        0      3308    0.00    0.00    0.00    0.00    0.00     0  ksmbd.mountd
19:00:37        0      3313    0.00    0.00    0.00    0.00    0.00     0  ksmbd-br-lan
19:00:37        0      3425    0.00    0.00    0.00    0.00    0.00     0  ntpd
19:00:37      123      3436    0.00    0.00    0.00    0.00    0.00     0  ntpd
19:00:37        0      3469    0.00    0.00    0.00    0.00    0.00     0  hdd-spindown-wo
19:00:37        0      3520    0.00    0.00    0.00    0.00    0.00     0  ttyd
19:00:37        0      3568    0.00    0.00    0.00    0.00    0.00     0  ubihealthd
19:00:37        0      3687    0.00    4.00    0.00    0.00    4.00     0  dropbear
19:00:37        0      3688    0.00    0.00    0.00    0.00    0.00     0  dropbear
19:00:37        0      3689    0.00    0.00    0.00    0.00    0.00     0  ash
19:00:37        0      3695    0.00    0.00    0.00    0.00    0.00     0  ash
19:00:37        0      3699    0.00    0.00    0.00    0.00    0.00     0  sftp-server
19:00:37        0      4196    0.00    0.00    0.00    0.00    0.00     0  odhcp6c
19:00:37        0      4236    0.00    0.00    0.00    0.00    0.00     0  vsftpd
19:00:37        0      4239    0.00    0.00    0.00    0.00    0.00     0  vsftpd
19:00:37        0      4325    0.00    0.00    0.00    0.00    0.00     0  vsftpd
19:00:37        0      4328    1.00   34.00    0.00    0.00   35.00     0  vsftpd
19:00:37        0      4967    0.00    0.00    0.00    0.00    0.00     0  kworker/0:1
19:00:37        0      5182    0.00    0.00    0.00    0.00    0.00     0  sleep
19:00:37        0      5191    3.00    8.00    0.00    0.00   11.00     0  pidstat
19:00:37        0      5212    0.00    0.00    0.00    0.00    0.00     0  sleep

19:00:36      UID       PID   kB_rd/s   kB_wr/s kB_ccwr/s iodelay  Command
19:00:37        0         1     -1.00     -1.00     -1.00       0  procd
19:00:37        0         2     -1.00     -1.00     -1.00       0  kthreadd
19:00:37        0         3     -1.00     -1.00     -1.00       0  pool_workqueue_release
19:00:37        0         4     -1.00     -1.00     -1.00       0  kworker/R-slub_
19:00:37        0         5     -1.00     -1.00     -1.00       0  kworker/R-netns
19:00:37        0         6     -1.00     -1.00     -1.00       0  kworker/0:0-events_power_efficient
19:00:37        0         7     -1.00     -1.00     -1.00       0  kworker/0:0H-kblockd
19:00:37        0         9     -1.00     -1.00     -1.00       0  kworker/R-mm_pe
19:00:37        0        10     -1.00     -1.00     -1.00       0  rcu_tasks_trace_kthread
19:00:37        0        11     -1.00     -1.00     -1.00       0  ksoftirqd/0
19:00:37        0        12     -1.00     -1.00     -1.00       0  kworker/R-inet_
19:00:37        0        13     -1.00     -1.00     -1.00       0  oom_reaper
19:00:37        0        14     -1.00     -1.00     -1.00       0  kworker/R-write
19:00:37        0        15     -1.00     -1.00     -1.00       0  kcompactd0
19:00:37        0        16     -1.00     -1.00     -1.00       0  kworker/R-kbloc
19:00:37        0        17     -1.00     -1.00     -1.00       0  kworker/R-blkcg
19:00:37        0        18     -1.00     -1.00     -1.00       0  kworker/R-ata_s
19:00:37        0        20     -1.00     -1.00     -1.00       0  watchdogd
19:00:37        0        26     -1.00     -1.00     -1.00       0  kswapd0
19:00:37        0        29     -1.00     -1.00     -1.00       0  kworker/R-kthro
19:00:37        0       141     -1.00     -1.00     -1.00       0  kworker/u2:2-events_unbound
19:00:37        0       160     -1.00     -1.00     -1.00       0  kworker/u2:3-ext4-rsv-conversion
19:00:37        0       209     -1.00     -1.00     -1.00       0  irq/31-f1030000.crypto
19:00:37        0       233     -1.00     -1.00     -1.00       0  kworker/R-mld
19:00:37        0       237     -1.00     -1.00     -1.00       0  kworker/R-ipv6_
19:00:37        0       238     -1.00     -1.00     -1.00       0  kworker/R-dsa_o
19:00:37        0       239     -1.00     -1.00     -1.00       0  kworker/R-kstrp
19:00:37        0       342     -1.00     -1.00     -1.00       0  kworker/u2:4-ext4-rsv-conversion
19:00:37        0       343     -1.00     -1.00     -1.00       0  kworker/0:5-events_power_efficient
19:00:37        0       356     -1.00     -1.00     -1.00       0  ubi_bgt0d
19:00:37        0       361     -1.00     -1.00     -1.00       0  kworker/0:1H
19:00:37        0       366     -1.00     -1.00     -1.00       0  irq/32-gpio_keys
19:00:37        0       367     -1.00     -1.00     -1.00       0  irq/33-gpio_keys
19:00:37        0       396     -1.00     -1.00     -1.00       0  scsi_eh_0
19:00:37        0       397     -1.00     -1.00     -1.00       0  kworker/R-scsi_
19:00:37        0       401     -1.00     -1.00     -1.00       0  scsi_eh_1
19:00:37        0       402     -1.00     -1.00     -1.00       0  kworker/R-scsi_
19:00:37        0       548     -1.00     -1.00     -1.00       0  jbd2/sda1-8
19:00:37        0       549     -1.00     -1.00     -1.00       0  kworker/R-ext4-
19:00:37       81       650     -1.00     -1.00     -1.00       0  ubusd
19:00:37        0       668     -1.00     -1.00     -1.00       0  askfirst
19:00:37        0       737     -1.00     -1.00     -1.00       0  urngd
19:00:37        0       873     -1.00     -1.00     -1.00       0  kworker/R-md
19:00:37        0       874     -1.00     -1.00     -1.00       0  kworker/R-md_bi
19:00:37        0       910     -1.00     -1.00     -1.00       0  kworker/R-xfsal
19:00:37        0       913     -1.00     -1.00     -1.00       0  kworker/R-xfs_m
19:00:37        0      1248     -1.00     -1.00     -1.00       0  jbd2/sda2-8
19:00:37        0      1250     -1.00     -1.00     -1.00       0  kworker/R-ext4-
19:00:37        0      1278     -1.00     -1.00     -1.00       0  jbd2/sda3-8
19:00:37        0      1279     -1.00     -1.00     -1.00       0  kworker/R-ext4-
19:00:37        0      1304     -1.00     -1.00     -1.00       0  jbd2/sdb1-8
19:00:37        0      1305     -1.00     -1.00     -1.00       0  kworker/R-ext4-
19:00:37      514      1349     -1.00     -1.00     -1.00       0  logd
19:00:37        0      1418     -1.00     -1.00     -1.00       0  rpcd
19:00:37        0      1627     -1.00     -1.00     -1.00       0  dnsmasq
19:00:37      453      1649     -1.00     -1.00     -1.00       0  dnsmasq
19:00:37        0      1752     -1.00     -1.00     -1.00       0  dropbear
19:00:37        0      1870     -1.00     -1.00     -1.00       0  netifd
19:00:37        0      1984     -1.00     -1.00     -1.00       0  odhcpd
19:00:37        0      2069     -1.00     -1.00     -1.00       0  crond
19:00:37        0      2153     -1.00     -1.00     -1.00       0  lighttpd
19:00:37        0      2286     -1.00     -1.00     -1.00       0  uhttpd
19:00:37        0      2325     -1.00     -1.00     -1.00       0  vsftpd
19:00:37        0      2398     -1.00     -1.00     -1.00       0  dbus-daemon
19:00:37    65534      2473     -1.00     -1.00     -1.00       0  avahi-daemon
19:00:37        0      2546     -1.00     -1.00     -1.00       0  blockd
19:00:37        0      3303     -1.00     -1.00     -1.00       0  ksmbd.mountd
19:00:37        0      3308     -1.00     -1.00     -1.00       0  ksmbd.mountd
19:00:37        0      3313     -1.00     -1.00     -1.00       0  ksmbd-br-lan
19:00:37        0      3425     -1.00     -1.00     -1.00       0  ntpd
19:00:37      123      3436     -1.00     -1.00     -1.00       0  ntpd
19:00:37        0      3469     -1.00     -1.00     -1.00       0  hdd-spindown-wo
19:00:37        0      3520     -1.00     -1.00     -1.00       0  ttyd
19:00:37        0      3568     -1.00     -1.00     -1.00       0  ubihealthd
19:00:37        0      3687     -1.00     -1.00     -1.00       0  dropbear
19:00:37        0      3688     -1.00     -1.00     -1.00       0  dropbear
19:00:37        0      3689     -1.00     -1.00     -1.00       0  ash
19:00:37        0      3695     -1.00     -1.00     -1.00       0  ash
19:00:37        0      3699     -1.00     -1.00     -1.00       0  sftp-server
19:00:37        0      4196     -1.00     -1.00     -1.00       0  odhcp6c
19:00:37        0      4236     -1.00     -1.00     -1.00       0  vsftpd
19:00:37        0      4239     -1.00     -1.00     -1.00       0  vsftpd
19:00:37        0      4325     -1.00     -1.00     -1.00       0  vsftpd
19:00:37        0      4328     -1.00     -1.00     -1.00       0  vsftpd
19:00:37        0      4967     -1.00     -1.00     -1.00       0  kworker/0:1
19:00:37        0      5182     -1.00     -1.00     -1.00       0  sleep
19:00:37        0      5191     -1.00     -1.00     -1.00       0  pidstat
19:00:37        0      5212     -1.00     -1.00     -1.00       0  sleep

19:00:37      UID       PID    %usr %system  %guest   %wait    %CPU   CPU  Command
19:00:38        0         1    0.00    0.00    0.00    0.00    0.00     0  procd
19:00:38        0         2    0.00    0.00    0.00    0.00    0.00     0  kthreadd
19:00:38        0         3    0.00    0.00    0.00    0.00    0.00     0  pool_workqueue_release
19:00:38        0         4    0.00    0.00    0.00    0.00    0.00     0  kworker/R-slub_
19:00:38        0         5    0.00    0.00    0.00    0.00    0.00     0  kworker/R-netns
19:00:38        0         6    0.00    0.00    0.00    0.00    0.00     0  kworker/0:0-events_power_efficient
19:00:38        0         7    0.00    0.00    0.00    0.00    0.00     0  kworker/0:0H-kblockd
19:00:38        0         9    0.00    0.00    0.00    0.00    0.00     0  kworker/R-mm_pe
19:00:38        0        10    0.00    0.00    0.00    0.00    0.00     0  rcu_tasks_trace_kthread
19:00:38        0        11    0.00    0.00    0.00    0.00    0.00     0  ksoftirqd/0
19:00:38        0        12    0.00    0.00    0.00    0.00    0.00     0  kworker/R-inet_
19:00:38        0        13    0.00    0.00    0.00    0.00    0.00     0  oom_reaper
19:00:38        0        14    0.00    0.00    0.00    0.00    0.00     0  kworker/R-write
19:00:38        0        15    0.00    0.00    0.00    0.00    0.00     0  kcompactd0
19:00:38        0        16    0.00    0.00    0.00    0.00    0.00     0  kworker/R-kbloc
19:00:38        0        17    0.00    0.00    0.00    0.00    0.00     0  kworker/R-blkcg
19:00:38        0        18    0.00    0.00    0.00    0.00    0.00     0  kworker/R-ata_s
19:00:38        0        20    0.00    0.00    0.00    0.00    0.00     0  watchdogd
19:00:38        0        26    0.00    1.00    0.00    0.00    1.00     0  kswapd0
19:00:38        0        29    0.00    0.00    0.00    0.00    0.00     0  kworker/R-kthro
19:00:38        0       141    0.00    0.00    0.00    0.00    0.00     0  kworker/u2:2-events_unbound
19:00:38        0       160    0.00    3.00    0.00    0.00    3.00     0  kworker/u2:3-writeback
19:00:38        0       209    0.00    0.00    0.00    0.00    0.00     0  irq/31-f1030000.crypto
19:00:38        0       233    0.00    0.00    0.00    0.00    0.00     0  kworker/R-mld
19:00:38        0       237    0.00    0.00    0.00    0.00    0.00     0  kworker/R-ipv6_
19:00:38        0       238    0.00    0.00    0.00    0.00    0.00     0  kworker/R-dsa_o
19:00:38        0       239    0.00    0.00    0.00    0.00    0.00     0  kworker/R-kstrp
19:00:38        0       342    0.00    0.00    0.00    0.00    0.00     0  kworker/u2:4-ext4-rsv-conversion
19:00:38        0       343    0.00    0.00    0.00    0.00    0.00     0  kworker/0:5-events_power_efficient
19:00:38        0       356    0.00    0.00    0.00    0.00    0.00     0  ubi_bgt0d
19:00:38        0       361    0.00    0.00    0.00    0.00    0.00     0  kworker/0:1H
19:00:38        0       366    0.00    0.00    0.00    0.00    0.00     0  irq/32-gpio_keys
19:00:38        0       367    0.00    0.00    0.00    0.00    0.00     0  irq/33-gpio_keys
19:00:38        0       396    0.00    0.00    0.00    0.00    0.00     0  scsi_eh_0
19:00:38        0       397    0.00    0.00    0.00    0.00    0.00     0  kworker/R-scsi_
19:00:38        0       401    0.00    0.00    0.00    0.00    0.00     0  scsi_eh_1
19:00:38        0       402    0.00    0.00    0.00    0.00    0.00     0  kworker/R-scsi_
19:00:38        0       548    0.00    0.00    0.00    0.00    0.00     0  jbd2/sda1-8
19:00:38        0       549    0.00    0.00    0.00    0.00    0.00     0  kworker/R-ext4-
19:00:38       81       650    0.00    0.00    0.00    0.00    0.00     0  ubusd
19:00:38        0       668    0.00    0.00    0.00    0.00    0.00     0  askfirst
19:00:38        0       737    0.00    0.00    0.00    0.00    0.00     0  urngd
19:00:38        0       873    0.00    0.00    0.00    0.00    0.00     0  kworker/R-md
19:00:38        0       874    0.00    0.00    0.00    0.00    0.00     0  kworker/R-md_bi
19:00:38        0       910    0.00    0.00    0.00    0.00    0.00     0  kworker/R-xfsal
19:00:38        0       913    0.00    0.00    0.00    0.00    0.00     0  kworker/R-xfs_m
19:00:38        0      1248    0.00    0.00    0.00    0.00    0.00     0  jbd2/sda2-8
19:00:38        0      1250    0.00    0.00    0.00    0.00    0.00     0  kworker/R-ext4-
19:00:38        0      1278    0.00    0.00    0.00    0.00    0.00     0  jbd2/sda3-8
19:00:38        0      1279    0.00    0.00    0.00    0.00    0.00     0  kworker/R-ext4-
19:00:38        0      1304    0.00    0.00    0.00    0.00    0.00     0  jbd2/sdb1-8
19:00:38        0      1305    0.00    0.00    0.00    0.00    0.00     0  kworker/R-ext4-
19:00:38      514      1349    0.00    0.00    0.00    0.00    0.00     0  logd
19:00:38        0      1418    0.00    0.00    0.00    0.00    0.00     0  rpcd
19:00:38        0      1627    0.00    0.00    0.00    0.00    0.00     0  dnsmasq
19:00:38      453      1649    0.00    0.00    0.00    0.00    0.00     0  dnsmasq
19:00:38        0      1752    0.00    0.00    0.00    0.00    0.00     0  dropbear
19:00:38        0      1870    0.00    0.00    0.00    0.00    0.00     0  netifd
19:00:38        0      1984    0.00    0.00    0.00    0.00    0.00     0  odhcpd
19:00:38        0      2069    0.00    0.00    0.00    0.00    0.00     0  crond
19:00:38        0      2153    0.00    0.00    0.00    0.00    0.00     0  lighttpd
19:00:38        0      2286    0.00    0.00    0.00    0.00    0.00     0  uhttpd
19:00:38        0      2325    0.00    0.00    0.00    0.00    0.00     0  vsftpd
19:00:38        0      2398    0.00    0.00    0.00    0.00    0.00     0  dbus-daemon
19:00:38    65534      2473    0.00    0.00    0.00    0.00    0.00     0  avahi-daemon
19:00:38        0      2546    0.00    0.00    0.00    0.00    0.00     0  blockd
19:00:38        0      3303    0.00    0.00    0.00    0.00    0.00     0  ksmbd.mountd
19:00:38        0      3308    0.00    0.00    0.00    0.00    0.00     0  ksmbd.mountd
19:00:38        0      3313    0.00    0.00    0.00    0.00    0.00     0  ksmbd-br-lan
19:00:38        0      3425    0.00    0.00    0.00    0.00    0.00     0  ntpd
19:00:38      123      3436    0.00    0.00    0.00    0.00    0.00     0  ntpd
19:00:38        0      3469    0.00    0.00    0.00    0.00    0.00     0  hdd-spindown-wo
19:00:38        0      3520    0.00    0.00    0.00    0.00    0.00     0  ttyd
19:00:38        0      3568    0.00    0.00    0.00    0.00    0.00     0  ubihealthd
19:00:38        0      3687    3.00    5.00    0.00    0.00    8.00     0  dropbear
19:00:38        0      3688    0.00    0.00    0.00    0.00    0.00     0  dropbear
19:00:38        0      3689    0.00    0.00    0.00    0.00    0.00     0  ash
19:00:38        0      3695    0.00    1.00    0.00    0.00    1.00     0  ash
19:00:38        0      3699    0.00    0.00    0.00    0.00    0.00     0  sftp-server
19:00:38        0      4196    0.00    0.00    0.00    0.00    0.00     0  odhcp6c
19:00:38        0      4236    0.00    0.00    0.00    0.00    0.00     0  vsftpd
19:00:38        0      4239    0.00    0.00    0.00    0.00    0.00     0  vsftpd
19:00:38        0      4325    0.00    0.00    0.00    0.00    0.00     0  vsftpd
19:00:38        0      4328    4.00   28.00    0.00    0.00   32.00     0  vsftpd
19:00:38        0      4967    0.00    0.00    0.00    0.00    0.00     0  kworker/0:1
19:00:38        0      5182    0.00    0.00    0.00    0.00    0.00     0  sleep
19:00:38        0      5191    3.00    9.00    0.00    0.00   12.00     0  pidstat
19:00:38        0      5217    0.00    0.00    0.00    0.00    0.00     0  sleep

19:00:37      UID       PID   kB_rd/s   kB_wr/s kB_ccwr/s iodelay  Command
19:00:38        0         1     -1.00     -1.00     -1.00       0  procd
19:00:38        0         2     -1.00     -1.00     -1.00       0  kthreadd
19:00:38        0         3     -1.00     -1.00     -1.00       0  pool_workqueue_release
19:00:38        0         4     -1.00     -1.00     -1.00       0  kworker/R-slub_
19:00:38        0         5     -1.00     -1.00     -1.00       0  kworker/R-netns
19:00:38        0         6     -1.00     -1.00     -1.00       0  kworker/0:0-events_power_efficient
19:00:38        0         7     -1.00     -1.00     -1.00       0  kworker/0:0H-kblockd
19:00:38        0         9     -1.00     -1.00     -1.00       0  kworker/R-mm_pe
19:00:38        0        10     -1.00     -1.00     -1.00       0  rcu_tasks_trace_kthread
19:00:38        0        11     -1.00     -1.00     -1.00       0  ksoftirqd/0
19:00:38        0        12     -1.00     -1.00     -1.00       0  kworker/R-inet_
19:00:38        0        13     -1.00     -1.00     -1.00       0  oom_reaper
19:00:38        0        14     -1.00     -1.00     -1.00       0  kworker/R-write
19:00:38        0        15     -1.00     -1.00     -1.00       0  kcompactd0
19:00:38        0        16     -1.00     -1.00     -1.00       0  kworker/R-kbloc
19:00:38        0        17     -1.00     -1.00     -1.00       0  kworker/R-blkcg
19:00:38        0        18     -1.00     -1.00     -1.00       0  kworker/R-ata_s
19:00:38        0        20     -1.00     -1.00     -1.00       0  watchdogd
19:00:38        0        26     -1.00     -1.00     -1.00       0  kswapd0
19:00:38        0        29     -1.00     -1.00     -1.00       0  kworker/R-kthro
19:00:38        0       141     -1.00     -1.00     -1.00       0  kworker/u2:2-events_unbound
19:00:38        0       160     -1.00     -1.00     -1.00       0  kworker/u2:3-writeback
19:00:38        0       209     -1.00     -1.00     -1.00       0  irq/31-f1030000.crypto
19:00:38        0       233     -1.00     -1.00     -1.00       0  kworker/R-mld
19:00:38        0       237     -1.00     -1.00     -1.00       0  kworker/R-ipv6_
19:00:38        0       238     -1.00     -1.00     -1.00       0  kworker/R-dsa_o
19:00:38        0       239     -1.00     -1.00     -1.00       0  kworker/R-kstrp
19:00:38        0       342     -1.00     -1.00     -1.00       0  kworker/u2:4-ext4-rsv-conversion
19:00:38        0       343     -1.00     -1.00     -1.00       0  kworker/0:5-events_power_efficient
19:00:38        0       356     -1.00     -1.00     -1.00       0  ubi_bgt0d
19:00:38        0       361     -1.00     -1.00     -1.00       0  kworker/0:1H
19:00:38        0       366     -1.00     -1.00     -1.00       0  irq/32-gpio_keys
19:00:38        0       367     -1.00     -1.00     -1.00       0  irq/33-gpio_keys
19:00:38        0       396     -1.00     -1.00     -1.00       0  scsi_eh_0
19:00:38        0       397     -1.00     -1.00     -1.00       0  kworker/R-scsi_
19:00:38        0       401     -1.00     -1.00     -1.00       0  scsi_eh_1
19:00:38        0       402     -1.00     -1.00     -1.00       0  kworker/R-scsi_
19:00:38        0       548     -1.00     -1.00     -1.00       0  jbd2/sda1-8
19:00:38        0       549     -1.00     -1.00     -1.00       0  kworker/R-ext4-
19:00:38       81       650     -1.00     -1.00     -1.00       0  ubusd
19:00:38        0       668     -1.00     -1.00     -1.00       0  askfirst
19:00:38        0       737     -1.00     -1.00     -1.00       0  urngd
19:00:38        0       873     -1.00     -1.00     -1.00       0  kworker/R-md
19:00:38        0       874     -1.00     -1.00     -1.00       0  kworker/R-md_bi
19:00:38        0       910     -1.00     -1.00     -1.00       0  kworker/R-xfsal
19:00:38        0       913     -1.00     -1.00     -1.00       0  kworker/R-xfs_m
19:00:38        0      1248     -1.00     -1.00     -1.00       0  jbd2/sda2-8
19:00:38        0      1250     -1.00     -1.00     -1.00       0  kworker/R-ext4-
19:00:38        0      1278     -1.00     -1.00     -1.00       0  jbd2/sda3-8
19:00:38        0      1279     -1.00     -1.00     -1.00       0  kworker/R-ext4-
19:00:38        0      1304     -1.00     -1.00     -1.00       0  jbd2/sdb1-8
19:00:38        0      1305     -1.00     -1.00     -1.00       0  kworker/R-ext4-
19:00:38      514      1349     -1.00     -1.00     -1.00       0  logd
19:00:38        0      1418     -1.00     -1.00     -1.00       0  rpcd
19:00:38        0      1627     -1.00     -1.00     -1.00       0  dnsmasq
19:00:38      453      1649     -1.00     -1.00     -1.00       0  dnsmasq
19:00:38        0      1752     -1.00     -1.00     -1.00       0  dropbear
19:00:38        0      1870     -1.00     -1.00     -1.00       0  netifd
19:00:38        0      1984     -1.00     -1.00     -1.00       0  odhcpd
19:00:38        0      2069     -1.00     -1.00     -1.00       0  crond
19:00:38        0      2153     -1.00     -1.00     -1.00       0  lighttpd
19:00:38        0      2286     -1.00     -1.00     -1.00       0  uhttpd
19:00:38        0      2325     -1.00     -1.00     -1.00       0  vsftpd
19:00:38        0      2398     -1.00     -1.00     -1.00       0  dbus-daemon
19:00:38    65534      2473     -1.00     -1.00     -1.00       0  avahi-daemon
19:00:38        0      2546     -1.00     -1.00     -1.00       0  blockd
19:00:38        0      3303     -1.00     -1.00     -1.00       0  ksmbd.mountd
19:00:38        0      3308     -1.00     -1.00     -1.00       0  ksmbd.mountd
19:00:38        0      3313     -1.00     -1.00     -1.00       0  ksmbd-br-lan
19:00:38        0      3425     -1.00     -1.00     -1.00       0  ntpd
19:00:38      123      3436     -1.00     -1.00     -1.00       0  ntpd
19:00:38        0      3469     -1.00     -1.00     -1.00       0  hdd-spindown-wo
19:00:38        0      3520     -1.00     -1.00     -1.00       0  ttyd
19:00:38        0      3568     -1.00     -1.00     -1.00       0  ubihealthd
19:00:38        0      3687     -1.00     -1.00     -1.00       0  dropbear
19:00:38        0      3688     -1.00     -1.00     -1.00       0  dropbear
19:00:38        0      3689     -1.00     -1.00     -1.00       0  ash
19:00:38        0      3695     -1.00     -1.00     -1.00       0  ash
19:00:38        0      3699     -1.00     -1.00     -1.00       0  sftp-server
19:00:38        0      4196     -1.00     -1.00     -1.00       0  odhcp6c
19:00:38        0      4236     -1.00     -1.00     -1.00       0  vsftpd
19:00:38        0      4239     -1.00     -1.00     -1.00       0  vsftpd
19:00:38        0      4325     -1.00     -1.00     -1.00       0  vsftpd
19:00:38        0      4328     -1.00     -1.00     -1.00       0  vsftpd
19:00:38        0      4967     -1.00     -1.00     -1.00       0  kworker/0:1
19:00:38        0      5182     -1.00     -1.00     -1.00       0  sleep
19:00:38        0      5191     -1.00     -1.00     -1.00       0  pidstat
19:00:38        0      5217     -1.00     -1.00     -1.00       0  sleep

19:00:38      UID       PID    %usr %system  %guest   %wait    %CPU   CPU  Command
19:00:39        0         1    0.00    0.00    0.00    0.00    0.00     0  procd
19:00:39        0         2    0.00    0.00    0.00    0.00    0.00     0  kthreadd
19:00:39        0         3    0.00    0.00    0.00    0.00    0.00     0  pool_workqueue_release
19:00:39        0         4    0.00    0.00    0.00    0.00    0.00     0  kworker/R-slub_
19:00:39        0         5    0.00    0.00    0.00    0.00    0.00     0  kworker/R-netns
19:00:39        0         6    0.00    0.00    0.00    0.00    0.00     0  kworker/0:0-events_power_efficient
19:00:39        0         7    0.00    0.00    0.00    0.00    0.00     0  kworker/0:0H-kblockd
19:00:39        0         9    0.00    0.00    0.00    0.00    0.00     0  kworker/R-mm_pe
19:00:39        0        10    0.00    0.00    0.00    0.00    0.00     0  rcu_tasks_trace_kthread
19:00:39        0        11    0.00    1.00    0.00    0.00    1.00     0  ksoftirqd/0
19:00:39        0        12    0.00    0.00    0.00    0.00    0.00     0  kworker/R-inet_
19:00:39        0        13    0.00    0.00    0.00    0.00    0.00     0  oom_reaper
19:00:39        0        14    0.00    0.00    0.00    0.00    0.00     0  kworker/R-write
19:00:39        0        15    0.00    0.00    0.00    0.00    0.00     0  kcompactd0
19:00:39        0        16    0.00    0.00    0.00    0.00    0.00     0  kworker/R-kbloc
19:00:39        0        17    0.00    0.00    0.00    0.00    0.00     0  kworker/R-blkcg
19:00:39        0        18    0.00    0.00    0.00    0.00    0.00     0  kworker/R-ata_s
19:00:39        0        20    0.00    0.00    0.00    0.00    0.00     0  watchdogd
19:00:39        0        26    0.00    2.00    0.00    0.00    2.00     0  kswapd0
19:00:39        0        29    0.00    0.00    0.00    0.00    0.00     0  kworker/R-kthro
19:00:39        0       141    0.00    0.00    0.00    0.00    0.00     0  kworker/u2:2-ext4-rsv-conversion
19:00:39        0       160    0.00    2.00    0.00    0.00    2.00     0  kworker/u2:3-writeback
19:00:39        0       209    0.00    0.00    0.00    0.00    0.00     0  irq/31-f1030000.crypto
19:00:39        0       233    0.00    0.00    0.00    0.00    0.00     0  kworker/R-mld
19:00:39        0       237    0.00    0.00    0.00    0.00    0.00     0  kworker/R-ipv6_
19:00:39        0       238    0.00    0.00    0.00    0.00    0.00     0  kworker/R-dsa_o
19:00:39        0       239    0.00    0.00    0.00    0.00    0.00     0  kworker/R-kstrp
19:00:39        0       342    0.00    0.00    0.00    0.00    0.00     0  kworker/u2:4-ext4-rsv-conversion
19:00:39        0       343    0.00    0.00    0.00    0.00    0.00     0  kworker/0:5-events_power_efficient
19:00:39        0       356    0.00    0.00    0.00    0.00    0.00     0  ubi_bgt0d
19:00:39        0       361    0.00    0.00    0.00    0.00    0.00     0  kworker/0:1H
19:00:39        0       366    0.00    0.00    0.00    0.00    0.00     0  irq/32-gpio_keys
19:00:39        0       367    0.00    0.00    0.00    0.00    0.00     0  irq/33-gpio_keys
19:00:39        0       396    0.00    0.00    0.00    0.00    0.00     0  scsi_eh_0
19:00:39        0       397    0.00    0.00    0.00    0.00    0.00     0  kworker/R-scsi_
19:00:39        0       401    0.00    0.00    0.00    0.00    0.00     0  scsi_eh_1
19:00:39        0       402    0.00    0.00    0.00    0.00    0.00     0  kworker/R-scsi_
19:00:39        0       548    0.00    0.00    0.00    0.00    0.00     0  jbd2/sda1-8
19:00:39        0       549    0.00    0.00    0.00    0.00    0.00     0  kworker/R-ext4-
19:00:39       81       650    0.00    0.00    0.00    0.00    0.00     0  ubusd
19:00:39        0       668    0.00    0.00    0.00    0.00    0.00     0  askfirst
19:00:39        0       737    0.00    0.00    0.00    0.00    0.00     0  urngd
19:00:39        0       873    0.00    0.00    0.00    0.00    0.00     0  kworker/R-md
19:00:39        0       874    0.00    0.00    0.00    0.00    0.00     0  kworker/R-md_bi
19:00:39        0       910    0.00    0.00    0.00    0.00    0.00     0  kworker/R-xfsal
19:00:39        0       913    0.00    0.00    0.00    0.00    0.00     0  kworker/R-xfs_m
19:00:39        0      1248    0.00    0.00    0.00    0.00    0.00     0  jbd2/sda2-8
19:00:39        0      1250    0.00    0.00    0.00    0.00    0.00     0  kworker/R-ext4-
19:00:39        0      1278    0.00    0.00    0.00    0.00    0.00     0  jbd2/sda3-8
19:00:39        0      1279    0.00    0.00    0.00    0.00    0.00     0  kworker/R-ext4-
19:00:39        0      1304    0.00    0.00    0.00    0.00    0.00     0  jbd2/sdb1-8
19:00:39        0      1305    0.00    0.00    0.00    0.00    0.00     0  kworker/R-ext4-
19:00:39      514      1349    0.00    0.00    0.00    0.00    0.00     0  logd
19:00:39        0      1418    0.00    0.00    0.00    0.00    0.00     0  rpcd
19:00:39        0      1627    0.00    0.00    0.00    0.00    0.00     0  dnsmasq
19:00:39      453      1649    0.00    0.00    0.00    0.00    0.00     0  dnsmasq
19:00:39        0      1752    0.00    0.00    0.00    0.00    0.00     0  dropbear
19:00:39        0      1870    0.00    0.00    0.00    0.00    0.00     0  netifd
19:00:39        0      1984    0.00    0.00    0.00    0.00    0.00     0  odhcpd
19:00:39        0      2069    0.00    0.00    0.00    0.00    0.00     0  crond
19:00:39        0      2153    0.00    0.00    0.00    0.00    0.00     0  lighttpd
19:00:39        0      2286    0.00    0.00    0.00    0.00    0.00     0  uhttpd
19:00:39        0      2325    0.00    0.00    0.00    0.00    0.00     0  vsftpd
19:00:39        0      2398    0.00    0.00    0.00    0.00    0.00     0  dbus-daemon
19:00:39    65534      2473    0.00    0.00    0.00    0.00    0.00     0  avahi-daemon
19:00:39        0      2546    0.00    0.00    0.00    0.00    0.00     0  blockd
19:00:39        0      3303    0.00    0.00    0.00    0.00    0.00     0  ksmbd.mountd
19:00:39        0      3308    0.00    0.00    0.00    0.00    0.00     0  ksmbd.mountd
19:00:39        0      3313    0.00    0.00    0.00    0.00    0.00     0  ksmbd-br-lan
19:00:39        0      3425    0.00    0.00    0.00    0.00    0.00     0  ntpd
19:00:39      123      3436    0.00    0.00    0.00    0.00    0.00     0  ntpd
19:00:39        0      3469    0.00    0.00    0.00    0.00    0.00     0  hdd-spindown-wo
19:00:39        0      3520    0.00    0.00    0.00    0.00    0.00     0  ttyd
19:00:39        0      3568    0.00    0.00    0.00    0.00    0.00     0  ubihealthd
19:00:39        0      3687    2.00    5.00    0.00    0.00    7.00     0  dropbear
19:00:39        0      3688    0.00    0.00    0.00    0.00    0.00     0  dropbear
19:00:39        0      3689    0.00    0.00    0.00    0.00    0.00     0  ash
19:00:39        0      3695    0.00    0.00    0.00    0.00    0.00     0  ash
19:00:39        0      3699    0.00    0.00    0.00    0.00    0.00     0  sftp-server
19:00:39        0      4196    0.00    0.00    0.00    0.00    0.00     0  odhcp6c
19:00:39        0      4236    0.00    0.00    0.00    0.00    0.00     0  vsftpd
19:00:39        0      4239    0.00    0.00    0.00    0.00    0.00     0  vsftpd
19:00:39        0      4325    0.00    0.00    0.00    0.00    0.00     0  vsftpd
19:00:39        0      4328    2.00   32.00    0.00    0.00   34.00     0  vsftpd
19:00:39        0      4967    0.00    0.00    0.00    0.00    0.00     0  kworker/0:1
19:00:39        0      5182    0.00    0.00    0.00    0.00    0.00     0  sleep
19:00:39        0      5191    0.00   12.00    0.00    0.00   12.00     0  pidstat
19:00:39        0      5218    0.00    0.00    0.00    0.00    0.00     0  kworker/u2:0-events_unbound
19:00:39        0      5223    0.00    0.00    0.00    0.00    0.00     0  sleep

19:00:38      UID       PID   kB_rd/s   kB_wr/s kB_ccwr/s iodelay  Command
19:00:39        0         1     -1.00     -1.00     -1.00       0  procd
19:00:39        0         2     -1.00     -1.00     -1.00       0  kthreadd
19:00:39        0         3     -1.00     -1.00     -1.00       0  pool_workqueue_release
19:00:39        0         4     -1.00     -1.00     -1.00       0  kworker/R-slub_
19:00:39        0         5     -1.00     -1.00     -1.00       0  kworker/R-netns
19:00:39        0         6     -1.00     -1.00     -1.00       0  kworker/0:0-events_power_efficient
19:00:39        0         7     -1.00     -1.00     -1.00       0  kworker/0:0H-kblockd
19:00:39        0         9     -1.00     -1.00     -1.00       0  kworker/R-mm_pe
19:00:39        0        10     -1.00     -1.00     -1.00       0  rcu_tasks_trace_kthread
19:00:39        0        11     -1.00     -1.00     -1.00       0  ksoftirqd/0
19:00:39        0        12     -1.00     -1.00     -1.00       0  kworker/R-inet_
19:00:39        0        13     -1.00     -1.00     -1.00       0  oom_reaper
19:00:39        0        14     -1.00     -1.00     -1.00       0  kworker/R-write
19:00:39        0        15     -1.00     -1.00     -1.00       0  kcompactd0
19:00:39        0        16     -1.00     -1.00     -1.00       0  kworker/R-kbloc
19:00:39        0        17     -1.00     -1.00     -1.00       0  kworker/R-blkcg
19:00:39        0        18     -1.00     -1.00     -1.00       0  kworker/R-ata_s
19:00:39        0        20     -1.00     -1.00     -1.00       0  watchdogd
19:00:39        0        26     -1.00     -1.00     -1.00       0  kswapd0
19:00:39        0        29     -1.00     -1.00     -1.00       0  kworker/R-kthro
19:00:39        0       141     -1.00     -1.00     -1.00       0  kworker/u2:2-ext4-rsv-conversion
19:00:39        0       160     -1.00     -1.00     -1.00       0  kworker/u2:3-writeback
19:00:39        0       209     -1.00     -1.00     -1.00       0  irq/31-f1030000.crypto
19:00:39        0       233     -1.00     -1.00     -1.00       0  kworker/R-mld
19:00:39        0       237     -1.00     -1.00     -1.00       0  kworker/R-ipv6_
19:00:39        0       238     -1.00     -1.00     -1.00       0  kworker/R-dsa_o
19:00:39        0       239     -1.00     -1.00     -1.00       0  kworker/R-kstrp
19:00:39        0       342     -1.00     -1.00     -1.00       0  kworker/u2:4-ext4-rsv-conversion
19:00:39        0       343     -1.00     -1.00     -1.00       0  kworker/0:5-events_power_efficient
19:00:39        0       356     -1.00     -1.00     -1.00       0  ubi_bgt0d
19:00:39        0       361     -1.00     -1.00     -1.00       0  kworker/0:1H
19:00:39        0       366     -1.00     -1.00     -1.00       0  irq/32-gpio_keys
19:00:39        0       367     -1.00     -1.00     -1.00       0  irq/33-gpio_keys
19:00:39        0       396     -1.00     -1.00     -1.00       0  scsi_eh_0
19:00:39        0       397     -1.00     -1.00     -1.00       0  kworker/R-scsi_
19:00:39        0       401     -1.00     -1.00     -1.00       0  scsi_eh_1
19:00:39        0       402     -1.00     -1.00     -1.00       0  kworker/R-scsi_
19:00:39        0       548     -1.00     -1.00     -1.00       0  jbd2/sda1-8
19:00:39        0       549     -1.00     -1.00     -1.00       0  kworker/R-ext4-
19:00:39       81       650     -1.00     -1.00     -1.00       0  ubusd
19:00:39        0       668     -1.00     -1.00     -1.00       0  askfirst
19:00:39        0       737     -1.00     -1.00     -1.00       0  urngd
19:00:39        0       873     -1.00     -1.00     -1.00       0  kworker/R-md
19:00:39        0       874     -1.00     -1.00     -1.00       0  kworker/R-md_bi
19:00:39        0       910     -1.00     -1.00     -1.00       0  kworker/R-xfsal
19:00:39        0       913     -1.00     -1.00     -1.00       0  kworker/R-xfs_m
19:00:39        0      1248     -1.00     -1.00     -1.00       0  jbd2/sda2-8
19:00:39        0      1250     -1.00     -1.00     -1.00       0  kworker/R-ext4-
19:00:39        0      1278     -1.00     -1.00     -1.00       0  jbd2/sda3-8
19:00:39        0      1279     -1.00     -1.00     -1.00       0  kworker/R-ext4-
19:00:39        0      1304     -1.00     -1.00     -1.00       0  jbd2/sdb1-8
19:00:39        0      1305     -1.00     -1.00     -1.00       0  kworker/R-ext4-
19:00:39      514      1349     -1.00     -1.00     -1.00       0  logd
19:00:39        0      1418     -1.00     -1.00     -1.00       0  rpcd
19:00:39        0      1627     -1.00     -1.00     -1.00       0  dnsmasq
19:00:39      453      1649     -1.00     -1.00     -1.00       0  dnsmasq
19:00:39        0      1752     -1.00     -1.00     -1.00       0  dropbear
19:00:39        0      1870     -1.00     -1.00     -1.00       0  netifd
19:00:39        0      1984     -1.00     -1.00     -1.00       0  odhcpd
19:00:39        0      2069     -1.00     -1.00     -1.00       0  crond
19:00:39        0      2153     -1.00     -1.00     -1.00       0  lighttpd
19:00:39        0      2286     -1.00     -1.00     -1.00       0  uhttpd
19:00:39        0      2325     -1.00     -1.00     -1.00       0  vsftpd
19:00:39        0      2398     -1.00     -1.00     -1.00       0  dbus-daemon
19:00:39    65534      2473     -1.00     -1.00     -1.00       0  avahi-daemon
19:00:39        0      2546     -1.00     -1.00     -1.00       0  blockd
19:00:39        0      3303     -1.00     -1.00     -1.00       0  ksmbd.mountd
19:00:39        0      3308     -1.00     -1.00     -1.00       0  ksmbd.mountd
19:00:39        0      3313     -1.00     -1.00     -1.00       0  ksmbd-br-lan
19:00:39        0      3425     -1.00     -1.00     -1.00       0  ntpd
19:00:39      123      3436     -1.00     -1.00     -1.00       0  ntpd
19:00:39        0      3469     -1.00     -1.00     -1.00       0  hdd-spindown-wo
19:00:39        0      3520     -1.00     -1.00     -1.00       0  ttyd
19:00:39        0      3568     -1.00     -1.00     -1.00       0  ubihealthd
19:00:39        0      3687     -1.00     -1.00     -1.00       0  dropbear
19:00:39        0      3688     -1.00     -1.00     -1.00       0  dropbear
19:00:39        0      3689     -1.00     -1.00     -1.00       0  ash
19:00:39        0      3695     -1.00     -1.00     -1.00       0  ash
19:00:39        0      3699     -1.00     -1.00     -1.00       0  sftp-server
19:00:39        0      4196     -1.00     -1.00     -1.00       0  odhcp6c
19:00:39        0      4236     -1.00     -1.00     -1.00       0  vsftpd
19:00:39        0      4239     -1.00     -1.00     -1.00       0  vsftpd
19:00:39        0      4325     -1.00     -1.00     -1.00       0  vsftpd
19:00:39        0      4328     -1.00     -1.00     -1.00       0  vsftpd
19:00:39        0      4967     -1.00     -1.00     -1.00       0  kworker/0:1
19:00:39        0      5182     -1.00     -1.00     -1.00       0  sleep
19:00:39        0      5191     -1.00     -1.00     -1.00       0  pidstat
19:00:39        0      5218     -1.00     -1.00     -1.00       0  kworker/u2:0-events_unbound
19:00:39        0      5223     -1.00     -1.00     -1.00       0  sleep

19:00:39      UID       PID    %usr %system  %guest   %wait    %CPU   CPU  Command
19:00:40        0         1    0.00    1.00    0.00    0.00    1.00     0  procd
19:00:40        0         2    0.00    0.00    0.00    0.00    0.00     0  kthreadd
19:00:40        0         3    0.00    0.00    0.00    0.00    0.00     0  pool_workqueue_release
19:00:40        0         4    0.00    0.00    0.00    0.00    0.00     0  kworker/R-slub_
19:00:40        0         5    0.00    0.00    0.00    0.00    0.00     0  kworker/R-netns
19:00:40        0         6    0.00    0.00    0.00    0.00    0.00     0  kworker/0:0-events_power_efficient
19:00:40        0         7    0.00    0.00    0.00    0.00    0.00     0  kworker/0:0H-kblockd
19:00:40        0         9    0.00    0.00    0.00    0.00    0.00     0  kworker/R-mm_pe
19:00:40        0        10    0.00    0.00    0.00    0.00    0.00     0  rcu_tasks_trace_kthread
19:00:40        0        11    0.00    0.00    0.00    0.00    0.00     0  ksoftirqd/0
19:00:40        0        12    0.00    0.00    0.00    0.00    0.00     0  kworker/R-inet_
19:00:40        0        13    0.00    0.00    0.00    0.00    0.00     0  oom_reaper
19:00:40        0        14    0.00    0.00    0.00    0.00    0.00     0  kworker/R-write
19:00:40        0        15    0.00    0.00    0.00    0.00    0.00     0  kcompactd0
19:00:40        0        16    0.00    0.00    0.00    0.00    0.00     0  kworker/R-kbloc
19:00:40        0        17    0.00    0.00    0.00    0.00    0.00     0  kworker/R-blkcg
19:00:40        0        18    0.00    0.00    0.00    0.00    0.00     0  kworker/R-ata_s
19:00:40        0        20    0.00    0.00    0.00    0.00    0.00     0  watchdogd
19:00:40        0        26    0.00    1.00    0.00    0.00    1.00     0  kswapd0
19:00:40        0        29    0.00    0.00    0.00    0.00    0.00     0  kworker/R-kthro
19:00:40        0       141    0.00    0.00    0.00    0.00    0.00     0  kworker/u2:2-ext4-rsv-conversion
19:00:40        0       160    0.00    2.00    0.00    0.00    2.00     0  kworker/u2:3-writeback
19:00:40        0       209    0.00    0.00    0.00    0.00    0.00     0  irq/31-f1030000.crypto
19:00:40        0       233    0.00    0.00    0.00    0.00    0.00     0  kworker/R-mld
19:00:40        0       237    0.00    0.00    0.00    0.00    0.00     0  kworker/R-ipv6_
19:00:40        0       238    0.00    0.00    0.00    0.00    0.00     0  kworker/R-dsa_o
19:00:40        0       239    0.00    0.00    0.00    0.00    0.00     0  kworker/R-kstrp
19:00:40        0       342    0.00    0.00    0.00    0.00    0.00     0  kworker/u2:4-ext4-rsv-conversion
19:00:40        0       343    0.00    0.00    0.00    0.00    0.00     0  kworker/0:5-events_power_efficient
19:00:40        0       356    0.00    0.00    0.00    0.00    0.00     0  ubi_bgt0d
19:00:40        0       361    0.00    0.00    0.00    0.00    0.00     0  kworker/0:1H
19:00:40        0       366    0.00    0.00    0.00    0.00    0.00     0  irq/32-gpio_keys
19:00:40        0       367    0.00    0.00    0.00    0.00    0.00     0  irq/33-gpio_keys
19:00:40        0       396    0.00    0.00    0.00    0.00    0.00     0  scsi_eh_0
19:00:40        0       397    0.00    0.00    0.00    0.00    0.00     0  kworker/R-scsi_
19:00:40        0       401    0.00    0.00    0.00    0.00    0.00     0  scsi_eh_1
19:00:40        0       402    0.00    0.00    0.00    0.00    0.00     0  kworker/R-scsi_
19:00:40        0       548    0.00    0.00    0.00    0.00    0.00     0  jbd2/sda1-8
19:00:40        0       549    0.00    0.00    0.00    0.00    0.00     0  kworker/R-ext4-
19:00:40       81       650    0.00    0.00    0.00    0.00    0.00     0  ubusd
19:00:40        0       668    0.00    0.00    0.00    0.00    0.00     0  askfirst
19:00:40        0       737    0.00    0.00    0.00    0.00    0.00     0  urngd
19:00:40        0       873    0.00    0.00    0.00    0.00    0.00     0  kworker/R-md
19:00:40        0       874    0.00    0.00    0.00    0.00    0.00     0  kworker/R-md_bi
19:00:40        0       910    0.00    0.00    0.00    0.00    0.00     0  kworker/R-xfsal
19:00:40        0       913    0.00    0.00    0.00    0.00    0.00     0  kworker/R-xfs_m
19:00:40        0      1248    0.00    0.00    0.00    0.00    0.00     0  jbd2/sda2-8
19:00:40        0      1250    0.00    0.00    0.00    0.00    0.00     0  kworker/R-ext4-
19:00:40        0      1278    0.00    0.00    0.00    0.00    0.00     0  jbd2/sda3-8
19:00:40        0      1279    0.00    0.00    0.00    0.00    0.00     0  kworker/R-ext4-
19:00:40        0      1304    0.00    0.00    0.00    0.00    0.00     0  jbd2/sdb1-8
19:00:40        0      1305    0.00    0.00    0.00    0.00    0.00     0  kworker/R-ext4-
19:00:40      514      1349    1.00    1.00    0.00    0.00    2.00     0  logd
19:00:40        0      1418    0.00    0.00    0.00    0.00    0.00     0  rpcd
19:00:40        0      1627    0.00    0.00    0.00    0.00    0.00     0  dnsmasq
19:00:40      453      1649    0.00    0.00    0.00    0.00    0.00     0  dnsmasq
19:00:40        0      1752    0.00    0.00    0.00    0.00    0.00     0  dropbear
19:00:40        0      1870    0.00    0.00    0.00    0.00    0.00     0  netifd
19:00:40        0      1984    0.00    0.00    0.00    0.00    0.00     0  odhcpd
19:00:40        0      2069    0.00    0.00    0.00    0.00    0.00     0  crond
19:00:40        0      2153    0.00    0.00    0.00    0.00    0.00     0  lighttpd
19:00:40        0      2286    0.00    0.00    0.00    0.00    0.00     0  uhttpd
19:00:40        0      2325    0.00    0.00    0.00    0.00    0.00     0  vsftpd
19:00:40        0      2398    0.00    0.00    0.00    0.00    0.00     0  dbus-daemon
19:00:40    65534      2473    0.00    0.00    0.00    0.00    0.00     0  avahi-daemon
19:00:40        0      2546    0.00    0.00    0.00    0.00    0.00     0  blockd
19:00:40        0      3303    0.00    0.00    0.00    0.00    0.00     0  ksmbd.mountd
19:00:40        0      3308    0.00    0.00    0.00    0.00    0.00     0  ksmbd.mountd
19:00:40        0      3313    0.00    0.00    0.00    0.00    0.00     0  ksmbd-br-lan
19:00:40        0      3425    0.00    0.00    0.00    0.00    0.00     0  ntpd
19:00:40      123      3436    0.00    0.00    0.00    0.00    0.00     0  ntpd
19:00:40        0      3469    0.00    0.00    0.00    0.00    0.00     0  hdd-spindown-wo
19:00:40        0      3520    0.00    0.00    0.00    0.00    0.00     0  ttyd
19:00:40        0      3568    0.00    0.00    0.00    0.00    0.00     0  ubihealthd
19:00:40        0      3687    5.00    4.00    0.00    0.00    9.00     0  dropbear
19:00:40        0      3688    0.00    0.00    0.00    0.00    0.00     0  dropbear
19:00:40        0      3689    0.00    0.00    0.00    0.00    0.00     0  ash
19:00:40        0      3695    0.00    1.00    0.00    0.00    1.00     0  ash
19:00:40        0      3699    0.00    0.00    0.00    0.00    0.00     0  sftp-server
19:00:40        0      4196    0.00    0.00    0.00    0.00    0.00     0  odhcp6c
19:00:40        0      4236    0.00    0.00    0.00    0.00    0.00     0  vsftpd
19:00:40        0      4239    0.00    0.00    0.00    0.00    0.00     0  vsftpd
19:00:40        0      4325    0.00    0.00    0.00    0.00    0.00     0  vsftpd
19:00:40        0      4328    5.00   27.00    0.00    0.00   32.00     0  vsftpd
19:00:40        0      4967    0.00    0.00    0.00    0.00    0.00     0  kworker/0:1
19:00:40        0      5182    0.00    0.00    0.00    0.00    0.00     0  sleep
19:00:40        0      5191    3.00    8.00    0.00    0.00   11.00     0  pidstat
19:00:40        0      5218    0.00    0.00    0.00    0.00    0.00     0  kworker/u2:0-events_unbound
19:00:40        0      5228    0.00    0.00    0.00    0.00    0.00     0  sleep

19:00:39      UID       PID   kB_rd/s   kB_wr/s kB_ccwr/s iodelay  Command
19:00:40        0         1     -1.00     -1.00     -1.00       0  procd
19:00:40        0         2     -1.00     -1.00     -1.00       0  kthreadd
19:00:40        0         3     -1.00     -1.00     -1.00       0  pool_workqueue_release
19:00:40        0         4     -1.00     -1.00     -1.00       0  kworker/R-slub_
19:00:40        0         5     -1.00     -1.00     -1.00       0  kworker/R-netns
19:00:40        0         6     -1.00     -1.00     -1.00       0  kworker/0:0-events_power_efficient
19:00:40        0         7     -1.00     -1.00     -1.00       0  kworker/0:0H-kblockd
19:00:40        0         9     -1.00     -1.00     -1.00       0  kworker/R-mm_pe
19:00:40        0        10     -1.00     -1.00     -1.00       0  rcu_tasks_trace_kthread
19:00:40        0        11     -1.00     -1.00     -1.00       0  ksoftirqd/0
19:00:40        0        12     -1.00     -1.00     -1.00       0  kworker/R-inet_
19:00:40        0        13     -1.00     -1.00     -1.00       0  oom_reaper
19:00:40        0        14     -1.00     -1.00     -1.00       0  kworker/R-write
19:00:40        0        15     -1.00     -1.00     -1.00       0  kcompactd0
19:00:40        0        16     -1.00     -1.00     -1.00       0  kworker/R-kbloc
19:00:40        0        17     -1.00     -1.00     -1.00       0  kworker/R-blkcg
19:00:40        0        18     -1.00     -1.00     -1.00       0  kworker/R-ata_s
19:00:40        0        20     -1.00     -1.00     -1.00       0  watchdogd
19:00:40        0        26     -1.00     -1.00     -1.00       0  kswapd0
19:00:40        0        29     -1.00     -1.00     -1.00       0  kworker/R-kthro
19:00:40        0       141     -1.00     -1.00     -1.00       0  kworker/u2:2-ext4-rsv-conversion
19:00:40        0       160     -1.00     -1.00     -1.00       0  kworker/u2:3-writeback
19:00:40        0       209     -1.00     -1.00     -1.00       0  irq/31-f1030000.crypto
19:00:40        0       233     -1.00     -1.00     -1.00       0  kworker/R-mld
19:00:40        0       237     -1.00     -1.00     -1.00       0  kworker/R-ipv6_
19:00:40        0       238     -1.00     -1.00     -1.00       0  kworker/R-dsa_o
19:00:40        0       239     -1.00     -1.00     -1.00       0  kworker/R-kstrp
19:00:40        0       342     -1.00     -1.00     -1.00       0  kworker/u2:4-ext4-rsv-conversion
19:00:40        0       343     -1.00     -1.00     -1.00       0  kworker/0:5-events_power_efficient
19:00:40        0       356     -1.00     -1.00     -1.00       0  ubi_bgt0d
19:00:40        0       361     -1.00     -1.00     -1.00       0  kworker/0:1H
19:00:40        0       366     -1.00     -1.00     -1.00       0  irq/32-gpio_keys
19:00:40        0       367     -1.00     -1.00     -1.00       0  irq/33-gpio_keys
19:00:40        0       396     -1.00     -1.00     -1.00       0  scsi_eh_0
19:00:40        0       397     -1.00     -1.00     -1.00       0  kworker/R-scsi_
19:00:40        0       401     -1.00     -1.00     -1.00       0  scsi_eh_1
19:00:40        0       402     -1.00     -1.00     -1.00       0  kworker/R-scsi_
19:00:40        0       548     -1.00     -1.00     -1.00       0  jbd2/sda1-8
19:00:40        0       549     -1.00     -1.00     -1.00       0  kworker/R-ext4-
19:00:40       81       650     -1.00     -1.00     -1.00       0  ubusd
19:00:40        0       668     -1.00     -1.00     -1.00       0  askfirst
19:00:40        0       737     -1.00     -1.00     -1.00       0  urngd
19:00:40        0       873     -1.00     -1.00     -1.00       0  kworker/R-md
19:00:40        0       874     -1.00     -1.00     -1.00       0  kworker/R-md_bi
19:00:40        0       910     -1.00     -1.00     -1.00       0  kworker/R-xfsal
19:00:40        0       913     -1.00     -1.00     -1.00       0  kworker/R-xfs_m
19:00:40        0      1248     -1.00     -1.00     -1.00       0  jbd2/sda2-8
19:00:40        0      1250     -1.00     -1.00     -1.00       0  kworker/R-ext4-
19:00:40        0      1278     -1.00     -1.00     -1.00       0  jbd2/sda3-8
19:00:40        0      1279     -1.00     -1.00     -1.00       0  kworker/R-ext4-
19:00:40        0      1304     -1.00     -1.00     -1.00       0  jbd2/sdb1-8
19:00:40        0      1305     -1.00     -1.00     -1.00       0  kworker/R-ext4-
19:00:40      514      1349     -1.00     -1.00     -1.00       0  logd
19:00:40        0      1418     -1.00     -1.00     -1.00       0  rpcd
19:00:40        0      1627     -1.00     -1.00     -1.00       0  dnsmasq
19:00:40      453      1649     -1.00     -1.00     -1.00       0  dnsmasq
19:00:40        0      1752     -1.00     -1.00     -1.00       0  dropbear
19:00:40        0      1870     -1.00     -1.00     -1.00       0  netifd
19:00:40        0      1984     -1.00     -1.00     -1.00       0  odhcpd
19:00:40        0      2069     -1.00     -1.00     -1.00       0  crond
19:00:40        0      2153     -1.00     -1.00     -1.00       0  lighttpd
19:00:40        0      2286     -1.00     -1.00     -1.00       0  uhttpd
19:00:40        0      2325     -1.00     -1.00     -1.00       0  vsftpd
19:00:40        0      2398     -1.00     -1.00     -1.00       0  dbus-daemon
19:00:40    65534      2473     -1.00     -1.00     -1.00       0  avahi-daemon
19:00:40        0      2546     -1.00     -1.00     -1.00       0  blockd
19:00:40        0      3303     -1.00     -1.00     -1.00       0  ksmbd.mountd
19:00:40        0      3308     -1.00     -1.00     -1.00       0  ksmbd.mountd
19:00:40        0      3313     -1.00     -1.00     -1.00       0  ksmbd-br-lan
19:00:40        0      3425     -1.00     -1.00     -1.00       0  ntpd
19:00:40      123      3436     -1.00     -1.00     -1.00       0  ntpd
19:00:40        0      3469     -1.00     -1.00     -1.00       0  hdd-spindown-wo
19:00:40        0      3520     -1.00     -1.00     -1.00       0  ttyd
19:00:40        0      3568     -1.00     -1.00     -1.00       0  ubihealthd
19:00:40        0      3687     -1.00     -1.00     -1.00       0  dropbear
19:00:40        0      3688     -1.00     -1.00     -1.00       0  dropbear
19:00:40        0      3689     -1.00     -1.00     -1.00       0  ash
19:00:40        0      3695     -1.00     -1.00     -1.00       0  ash
19:00:40        0      3699     -1.00     -1.00     -1.00       0  sftp-server
19:00:40        0      4196     -1.00     -1.00     -1.00       0  odhcp6c
19:00:40        0      4236     -1.00     -1.00     -1.00       0  vsftpd
19:00:40        0      4239     -1.00     -1.00     -1.00       0  vsftpd
19:00:40        0      4325     -1.00     -1.00     -1.00       0  vsftpd
19:00:40        0      4328     -1.00     -1.00     -1.00       0  vsftpd
19:00:40        0      4967     -1.00     -1.00     -1.00       0  kworker/0:1
19:00:40        0      5182     -1.00     -1.00     -1.00       0  sleep
19:00:40        0      5191     -1.00     -1.00     -1.00       0  pidstat
19:00:40        0      5218     -1.00     -1.00     -1.00       0  kworker/u2:0-events_unbound
19:00:40        0      5228     -1.00     -1.00     -1.00       0  sleep

19:00:40      UID       PID    %usr %system  %guest   %wait    %CPU   CPU  Command
19:00:41        0         1    0.00    0.00    0.00    0.00    0.00     0  procd
19:00:41        0         2    0.00    0.00    0.00    0.00    0.00     0  kthreadd
19:00:41        0         3    0.00    0.00    0.00    0.00    0.00     0  pool_workqueue_release
19:00:41        0         4    0.00    0.00    0.00    0.00    0.00     0  kworker/R-slub_
19:00:41        0         5    0.00    0.00    0.00    0.00    0.00     0  kworker/R-netns
19:00:41        0         6    0.00    0.00    0.00    0.00    0.00     0  kworker/0:0-events_power_efficient
19:00:41        0         7    0.00    0.00    0.00    0.00    0.00     0  kworker/0:0H-kblockd
19:00:41        0         9    0.00    0.00    0.00    0.00    0.00     0  kworker/R-mm_pe
19:00:41        0        10    0.00    0.00    0.00    0.00    0.00     0  rcu_tasks_trace_kthread
19:00:41        0        11    0.00    0.00    0.00    0.00    0.00     0  ksoftirqd/0
19:00:41        0        12    0.00    0.00    0.00    0.00    0.00     0  kworker/R-inet_
19:00:41        0        13    0.00    0.00    0.00    0.00    0.00     0  oom_reaper
19:00:41        0        14    0.00    0.00    0.00    0.00    0.00     0  kworker/R-write
19:00:41        0        15    0.00    0.00    0.00    0.00    0.00     0  kcompactd0
19:00:41        0        16    0.00    0.00    0.00    0.00    0.00     0  kworker/R-kbloc
19:00:41        0        17    0.00    0.00    0.00    0.00    0.00     0  kworker/R-blkcg
19:00:41        0        18    0.00    0.00    0.00    0.00    0.00     0  kworker/R-ata_s
19:00:41        0        20    0.00    0.00    0.00    0.00    0.00     0  watchdogd
19:00:41        0        26    0.00    1.00    0.00    0.00    1.00     0  kswapd0
19:00:41        0        29    0.00    0.00    0.00    0.00    0.00     0  kworker/R-kthro
19:00:41        0       141    0.00    0.00    0.00    0.00    0.00     0  kworker/u2:2-ext4-rsv-conversion
19:00:41        0       160    0.00    2.00    0.00    0.00    2.00     0  kworker/u2:3-events_unbound
19:00:41        0       209    0.00    0.00    0.00    0.00    0.00     0  irq/31-f1030000.crypto
19:00:41        0       233    0.00    0.00    0.00    0.00    0.00     0  kworker/R-mld
19:00:41        0       237    0.00    0.00    0.00    0.00    0.00     0  kworker/R-ipv6_
19:00:41        0       238    0.00    0.00    0.00    0.00    0.00     0  kworker/R-dsa_o
19:00:41        0       239    0.00    0.00    0.00    0.00    0.00     0  kworker/R-kstrp
19:00:41        0       342    0.00    0.00    0.00    0.00    0.00     0  kworker/u2:4-ext4-rsv-conversion
19:00:41        0       343    0.00    0.00    0.00    0.00    0.00     0  kworker/0:5-events_power_efficient
19:00:41        0       356    0.00    0.00    0.00    0.00    0.00     0  ubi_bgt0d
19:00:41        0       361    0.00    0.00    0.00    0.00    0.00     0  kworker/0:1H
19:00:41        0       366    0.00    0.00    0.00    0.00    0.00     0  irq/32-gpio_keys
19:00:41        0       367    0.00    0.00    0.00    0.00    0.00     0  irq/33-gpio_keys
19:00:41        0       396    0.00    0.00    0.00    0.00    0.00     0  scsi_eh_0
19:00:41        0       397    0.00    0.00    0.00    0.00    0.00     0  kworker/R-scsi_
19:00:41        0       401    0.00    0.00    0.00    0.00    0.00     0  scsi_eh_1
19:00:41        0       402    0.00    0.00    0.00    0.00    0.00     0  kworker/R-scsi_
19:00:41        0       548    0.00    0.00    0.00    0.00    0.00     0  jbd2/sda1-8
19:00:41        0       549    0.00    0.00    0.00    0.00    0.00     0  kworker/R-ext4-
19:00:41       81       650    0.00    0.00    0.00    0.00    0.00     0  ubusd
19:00:41        0       668    0.00    0.00    0.00    0.00    0.00     0  askfirst
19:00:41        0       737    0.00    0.00    0.00    0.00    0.00     0  urngd
19:00:41        0       873    0.00    0.00    0.00    0.00    0.00     0  kworker/R-md
19:00:41        0       874    0.00    0.00    0.00    0.00    0.00     0  kworker/R-md_bi
19:00:41        0       910    0.00    0.00    0.00    0.00    0.00     0  kworker/R-xfsal
19:00:41        0       913    0.00    0.00    0.00    0.00    0.00     0  kworker/R-xfs_m
19:00:41        0      1248    0.00    0.00    0.00    0.00    0.00     0  jbd2/sda2-8
19:00:41        0      1250    0.00    0.00    0.00    0.00    0.00     0  kworker/R-ext4-
19:00:41        0      1278    0.00    0.00    0.00    0.00    0.00     0  jbd2/sda3-8
19:00:41        0      1279    0.00    0.00    0.00    0.00    0.00     0  kworker/R-ext4-
19:00:41        0      1304    0.00    0.00    0.00    0.00    0.00     0  jbd2/sdb1-8
19:00:41        0      1305    0.00    0.00    0.00    0.00    0.00     0  kworker/R-ext4-
19:00:41      514      1349    0.00    0.00    0.00    0.00    0.00     0  logd
19:00:41        0      1418    0.00    0.00    0.00    0.00    0.00     0  rpcd
19:00:41        0      1627    0.00    0.00    0.00    0.00    0.00     0  dnsmasq
19:00:41      453      1649    0.00    0.00    0.00    0.00    0.00     0  dnsmasq
19:00:41        0      1752    0.00    0.00    0.00    0.00    0.00     0  dropbear
19:00:41        0      1870    0.00    1.00    0.00    0.00    1.00     0  netifd
19:00:41        0      1984    0.00    0.00    0.00    0.00    0.00     0  odhcpd
19:00:41        0      2069    0.00    0.00    0.00    0.00    0.00     0  crond
19:00:41        0      2153    0.00    0.00    0.00    0.00    0.00     0  lighttpd
19:00:41        0      2286    0.00    0.00    0.00    0.00    0.00     0  uhttpd
19:00:41        0      2325    0.00    0.00    0.00    0.00    0.00     0  vsftpd
19:00:41        0      2398    0.00    0.00    0.00    0.00    0.00     0  dbus-daemon
19:00:41    65534      2473    0.00    0.00    0.00    0.00    0.00     0  avahi-daemon
19:00:41        0      2546    0.00    0.00    0.00    0.00    0.00     0  blockd
19:00:41        0      3303    0.00    0.00    0.00    0.00    0.00     0  ksmbd.mountd
19:00:41        0      3308    0.00    0.00    0.00    0.00    0.00     0  ksmbd.mountd
19:00:41        0      3313    0.00    0.00    0.00    0.00    0.00     0  ksmbd-br-lan
19:00:41        0      3425    0.00    0.00    0.00    0.00    0.00     0  ntpd
19:00:41      123      3436    0.00    0.00    0.00    0.00    0.00     0  ntpd
19:00:41        0      3469    0.00    0.00    0.00    0.00    0.00     0  hdd-spindown-wo
19:00:41        0      3520    0.00    0.00    0.00    0.00    0.00     0  ttyd
19:00:41        0      3568    0.00    0.00    0.00    0.00    0.00     0  ubihealthd
19:00:41        0      3687    1.00    5.00    0.00    0.00    6.00     0  dropbear
19:00:41        0      3688    0.00    0.00    0.00    0.00    0.00     0  dropbear
19:00:41        0      3689    0.00    0.00    0.00    0.00    0.00     0  ash
19:00:41        0      3695    0.00    0.00    0.00    0.00    0.00     0  ash
19:00:41        0      3699    0.00    0.00    0.00    0.00    0.00     0  sftp-server
19:00:41        0      4196    0.00    0.00    0.00    0.00    0.00     0  odhcp6c
19:00:41        0      4236    0.00    0.00    0.00    0.00    0.00     0  vsftpd
19:00:41        0      4239    0.00    0.00    0.00    0.00    0.00     0  vsftpd
19:00:41        0      4325    0.00    0.00    0.00    0.00    0.00     0  vsftpd
19:00:41        0      4328    6.00   28.00    0.00    0.00   34.00     0  vsftpd
19:00:41        0      4967    0.00    0.00    0.00    0.00    0.00     0  kworker/0:1
19:00:41        0      5182    0.00    0.00    0.00    0.00    0.00     0  sleep
19:00:41        0      5191    3.00    9.00    0.00    0.00   12.00     0  pidstat
19:00:41        0      5218    0.00    1.00    0.00    0.00    1.00     0  kworker/u2:0-writeback
19:00:41        0      5233    0.00    0.00    0.00    0.00    0.00     0  sleep

19:00:40      UID       PID   kB_rd/s   kB_wr/s kB_ccwr/s iodelay  Command
19:00:41        0         1     -1.00     -1.00     -1.00       0  procd
19:00:41        0         2     -1.00     -1.00     -1.00       0  kthreadd
19:00:41        0         3     -1.00     -1.00     -1.00       0  pool_workqueue_release
19:00:41        0         4     -1.00     -1.00     -1.00       0  kworker/R-slub_
19:00:41        0         5     -1.00     -1.00     -1.00       0  kworker/R-netns
19:00:41        0         6     -1.00     -1.00     -1.00       0  kworker/0:0-events_power_efficient
19:00:41        0         7     -1.00     -1.00     -1.00       0  kworker/0:0H-kblockd
19:00:41        0         9     -1.00     -1.00     -1.00       0  kworker/R-mm_pe
19:00:41        0        10     -1.00     -1.00     -1.00       0  rcu_tasks_trace_kthread
19:00:41        0        11     -1.00     -1.00     -1.00       0  ksoftirqd/0
19:00:41        0        12     -1.00     -1.00     -1.00       0  kworker/R-inet_
19:00:41        0        13     -1.00     -1.00     -1.00       0  oom_reaper
19:00:41        0        14     -1.00     -1.00     -1.00       0  kworker/R-write
19:00:41        0        15     -1.00     -1.00     -1.00       0  kcompactd0
19:00:41        0        16     -1.00     -1.00     -1.00       0  kworker/R-kbloc
19:00:41        0        17     -1.00     -1.00     -1.00       0  kworker/R-blkcg
19:00:41        0        18     -1.00     -1.00     -1.00       0  kworker/R-ata_s
19:00:41        0        20     -1.00     -1.00     -1.00       0  watchdogd
19:00:41        0        26     -1.00     -1.00     -1.00       0  kswapd0
19:00:41        0        29     -1.00     -1.00     -1.00       0  kworker/R-kthro
19:00:41        0       141     -1.00     -1.00     -1.00       0  kworker/u2:2-ext4-rsv-conversion
19:00:41        0       160     -1.00     -1.00     -1.00       0  kworker/u2:3-events_unbound
19:00:41        0       209     -1.00     -1.00     -1.00       0  irq/31-f1030000.crypto
19:00:41        0       233     -1.00     -1.00     -1.00       0  kworker/R-mld
19:00:41        0       237     -1.00     -1.00     -1.00       0  kworker/R-ipv6_
19:00:41        0       238     -1.00     -1.00     -1.00       0  kworker/R-dsa_o
19:00:41        0       239     -1.00     -1.00     -1.00       0  kworker/R-kstrp
19:00:41        0       342     -1.00     -1.00     -1.00       0  kworker/u2:4-ext4-rsv-conversion
19:00:41        0       343     -1.00     -1.00     -1.00       0  kworker/0:5-events_power_efficient
19:00:41        0       356     -1.00     -1.00     -1.00       0  ubi_bgt0d
19:00:41        0       361     -1.00     -1.00     -1.00       0  kworker/0:1H
19:00:41        0       366     -1.00     -1.00     -1.00       0  irq/32-gpio_keys
19:00:41        0       367     -1.00     -1.00     -1.00       0  irq/33-gpio_keys
19:00:41        0       396     -1.00     -1.00     -1.00       0  scsi_eh_0
19:00:41        0       397     -1.00     -1.00     -1.00       0  kworker/R-scsi_
19:00:41        0       401     -1.00     -1.00     -1.00       0  scsi_eh_1
19:00:41        0       402     -1.00     -1.00     -1.00       0  kworker/R-scsi_
19:00:41        0       548     -1.00     -1.00     -1.00       0  jbd2/sda1-8
19:00:41        0       549     -1.00     -1.00     -1.00       0  kworker/R-ext4-
19:00:41       81       650     -1.00     -1.00     -1.00       0  ubusd
19:00:41        0       668     -1.00     -1.00     -1.00       0  askfirst
19:00:41        0       737     -1.00     -1.00     -1.00       0  urngd
19:00:41        0       873     -1.00     -1.00     -1.00       0  kworker/R-md
19:00:41        0       874     -1.00     -1.00     -1.00       0  kworker/R-md_bi
19:00:41        0       910     -1.00     -1.00     -1.00       0  kworker/R-xfsal
19:00:41        0       913     -1.00     -1.00     -1.00       0  kworker/R-xfs_m
19:00:41        0      1248     -1.00     -1.00     -1.00       0  jbd2/sda2-8
19:00:41        0      1250     -1.00     -1.00     -1.00       0  kworker/R-ext4-
19:00:41        0      1278     -1.00     -1.00     -1.00       0  jbd2/sda3-8
19:00:41        0      1279     -1.00     -1.00     -1.00       0  kworker/R-ext4-
19:00:41        0      1304     -1.00     -1.00     -1.00       0  jbd2/sdb1-8
19:00:41        0      1305     -1.00     -1.00     -1.00       0  kworker/R-ext4-
19:00:41      514      1349     -1.00     -1.00     -1.00       0  logd
19:00:41        0      1418     -1.00     -1.00     -1.00       0  rpcd
19:00:41        0      1627     -1.00     -1.00     -1.00       0  dnsmasq
19:00:41      453      1649     -1.00     -1.00     -1.00       0  dnsmasq
19:00:41        0      1752     -1.00     -1.00     -1.00       0  dropbear
19:00:41        0      1870     -1.00     -1.00     -1.00       0  netifd
19:00:41        0      1984     -1.00     -1.00     -1.00       0  odhcpd
19:00:41        0      2069     -1.00     -1.00     -1.00       0  crond
19:00:41        0      2153     -1.00     -1.00     -1.00       0  lighttpd
19:00:41        0      2286     -1.00     -1.00     -1.00       0  uhttpd
19:00:41        0      2325     -1.00     -1.00     -1.00       0  vsftpd
19:00:41        0      2398     -1.00     -1.00     -1.00       0  dbus-daemon
19:00:41    65534      2473     -1.00     -1.00     -1.00       0  avahi-daemon
19:00:41        0      2546     -1.00     -1.00     -1.00       0  blockd
19:00:41        0      3303     -1.00     -1.00     -1.00       0  ksmbd.mountd
19:00:41        0      3308     -1.00     -1.00     -1.00       0  ksmbd.mountd
19:00:41        0      3313     -1.00     -1.00     -1.00       0  ksmbd-br-lan
19:00:41        0      3425     -1.00     -1.00     -1.00       0  ntpd
19:00:41      123      3436     -1.00     -1.00     -1.00       0  ntpd
19:00:41        0      3469     -1.00     -1.00     -1.00       0  hdd-spindown-wo
19:00:41        0      3520     -1.00     -1.00     -1.00       0  ttyd
19:00:41        0      3568     -1.00     -1.00     -1.00       0  ubihealthd
19:00:41        0      3687     -1.00     -1.00     -1.00       0  dropbear
19:00:41        0      3688     -1.00     -1.00     -1.00       0  dropbear
19:00:41        0      3689     -1.00     -1.00     -1.00       0  ash
19:00:41        0      3695     -1.00     -1.00     -1.00       0  ash
19:00:41        0      3699     -1.00     -1.00     -1.00       0  sftp-server
19:00:41        0      4196     -1.00     -1.00     -1.00       0  odhcp6c
19:00:41        0      4236     -1.00     -1.00     -1.00       0  vsftpd
19:00:41        0      4239     -1.00     -1.00     -1.00       0  vsftpd
19:00:41        0      4325     -1.00     -1.00     -1.00       0  vsftpd
19:00:41        0      4328     -1.00     -1.00     -1.00       0  vsftpd
19:00:41        0      4967     -1.00     -1.00     -1.00       0  kworker/0:1
19:00:41        0      5182     -1.00     -1.00     -1.00       0  sleep
19:00:41        0      5191     -1.00     -1.00     -1.00       0  pidstat
19:00:41        0      5218     -1.00     -1.00     -1.00       0  kworker/u2:0-writeback
19:00:41        0      5233     -1.00     -1.00     -1.00       0  sleep

19:00:41      UID       PID    %usr %system  %guest   %wait    %CPU   CPU  Command
19:00:42        0         1    0.00    0.00    0.00    0.00    0.00     0  procd
19:00:42        0         2    0.00    0.00    0.00    0.00    0.00     0  kthreadd
19:00:42        0         3    0.00    0.00    0.00    0.00    0.00     0  pool_workqueue_release
19:00:42        0         4    0.00    0.00    0.00    0.00    0.00     0  kworker/R-slub_
19:00:42        0         5    0.00    0.00    0.00    0.00    0.00     0  kworker/R-netns
19:00:42        0         6    0.00    0.00    0.00    0.00    0.00     0  kworker/0:0-events_power_efficient
19:00:42        0         7    0.00    0.00    0.00    0.00    0.00     0  kworker/0:0H-kblockd
19:00:42        0         9    0.00    0.00    0.00    0.00    0.00     0  kworker/R-mm_pe
19:00:42        0        10    0.00    0.00    0.00    0.00    0.00     0  rcu_tasks_trace_kthread
19:00:42        0        11    0.00    1.00    0.00    0.00    1.00     0  ksoftirqd/0
19:00:42        0        12    0.00    0.00    0.00    0.00    0.00     0  kworker/R-inet_
19:00:42        0        13    0.00    0.00    0.00    0.00    0.00     0  oom_reaper
19:00:42        0        14    0.00    0.00    0.00    0.00    0.00     0  kworker/R-write
19:00:42        0        15    0.00    0.00    0.00    0.00    0.00     0  kcompactd0
19:00:42        0        16    0.00    0.00    0.00    0.00    0.00     0  kworker/R-kbloc
19:00:42        0        17    0.00    0.00    0.00    0.00    0.00     0  kworker/R-blkcg
19:00:42        0        18    0.00    0.00    0.00    0.00    0.00     0  kworker/R-ata_s
19:00:42        0        20    0.00    0.00    0.00    0.00    0.00     0  watchdogd
19:00:42        0        26    0.00    2.00    0.00    0.00    2.00     0  kswapd0
19:00:42        0        29    0.00    0.00    0.00    0.00    0.00     0  kworker/R-kthro
19:00:42        0       141    0.00    0.00    0.00    0.00    0.00     0  kworker/u2:2-ext4-rsv-conversion
19:00:42        0       160    0.00    0.00    0.00    0.00    0.00     0  kworker/u2:3-events_unbound
19:00:42        0       209    0.00    0.00    0.00    0.00    0.00     0  irq/31-f1030000.crypto
19:00:42        0       233    0.00    0.00    0.00    0.00    0.00     0  kworker/R-mld
19:00:42        0       237    0.00    0.00    0.00    0.00    0.00     0  kworker/R-ipv6_
19:00:42        0       238    0.00    0.00    0.00    0.00    0.00     0  kworker/R-dsa_o
19:00:42        0       239    0.00    0.00    0.00    0.00    0.00     0  kworker/R-kstrp
19:00:42        0       342    0.00    0.00    0.00    0.00    0.00     0  kworker/u2:4-ext4-rsv-conversion
19:00:42        0       343    0.00    0.00    0.00    0.00    0.00     0  kworker/0:5-events_power_efficient
19:00:42        0       356    0.00    0.00    0.00    0.00    0.00     0  ubi_bgt0d
19:00:42        0       361    0.00    0.00    0.00    0.00    0.00     0  kworker/0:1H
19:00:42        0       366    0.00    0.00    0.00    0.00    0.00     0  irq/32-gpio_keys
19:00:42        0       367    0.00    0.00    0.00    0.00    0.00     0  irq/33-gpio_keys
19:00:42        0       396    0.00    0.00    0.00    0.00    0.00     0  scsi_eh_0
19:00:42        0       397    0.00    0.00    0.00    0.00    0.00     0  kworker/R-scsi_
19:00:42        0       401    0.00    0.00    0.00    0.00    0.00     0  scsi_eh_1
19:00:42        0       402    0.00    0.00    0.00    0.00    0.00     0  kworker/R-scsi_
19:00:42        0       548    0.00    0.00    0.00    0.00    0.00     0  jbd2/sda1-8
19:00:42        0       549    0.00    0.00    0.00    0.00    0.00     0  kworker/R-ext4-
19:00:42       81       650    0.00    0.00    0.00    0.00    0.00     0  ubusd
19:00:42        0       668    0.00    0.00    0.00    0.00    0.00     0  askfirst
19:00:42        0       737    0.00    0.00    0.00    0.00    0.00     0  urngd
19:00:42        0       873    0.00    0.00    0.00    0.00    0.00     0  kworker/R-md
19:00:42        0       874    0.00    0.00    0.00    0.00    0.00     0  kworker/R-md_bi
19:00:42        0       910    0.00    0.00    0.00    0.00    0.00     0  kworker/R-xfsal
19:00:42        0       913    0.00    0.00    0.00    0.00    0.00     0  kworker/R-xfs_m
19:00:42        0      1248    0.00    0.00    0.00    0.00    0.00     0  jbd2/sda2-8
19:00:42        0      1250    0.00    0.00    0.00    0.00    0.00     0  kworker/R-ext4-
19:00:42        0      1278    0.00    0.00    0.00    0.00    0.00     0  jbd2/sda3-8
19:00:42        0      1279    0.00    0.00    0.00    0.00    0.00     0  kworker/R-ext4-
19:00:42        0      1304    0.00    0.00    0.00    0.00    0.00     0  jbd2/sdb1-8
19:00:42        0      1305    0.00    0.00    0.00    0.00    0.00     0  kworker/R-ext4-
19:00:42      514      1349    0.00    0.00    0.00    0.00    0.00     0  logd
19:00:42        0      1418    0.00    0.00    0.00    0.00    0.00     0  rpcd
19:00:42        0      1627    0.00    0.00    0.00    0.00    0.00     0  dnsmasq
19:00:42      453      1649    0.00    0.00    0.00    0.00    0.00     0  dnsmasq
19:00:42        0      1752    0.00    0.00    0.00    0.00    0.00     0  dropbear
19:00:42        0      1870    0.00    0.00    0.00    0.00    0.00     0  netifd
19:00:42        0      1984    0.00    0.00    0.00    0.00    0.00     0  odhcpd
19:00:42        0      2069    0.00    0.00    0.00    0.00    0.00     0  crond
19:00:42        0      2153    0.00    0.00    0.00    0.00    0.00     0  lighttpd
19:00:42        0      2286    0.00    0.00    0.00    0.00    0.00     0  uhttpd
19:00:42        0      2325    0.00    0.00    0.00    0.00    0.00     0  vsftpd
19:00:42        0      2398    0.00    0.00    0.00    0.00    0.00     0  dbus-daemon
19:00:42    65534      2473    0.00    0.00    0.00    0.00    0.00     0  avahi-daemon
19:00:42        0      2546    0.00    0.00    0.00    0.00    0.00     0  blockd
19:00:42        0      3303    0.00    0.00    0.00    0.00    0.00     0  ksmbd.mountd
19:00:42        0      3308    0.00    0.00    0.00    0.00    0.00     0  ksmbd.mountd
19:00:42        0      3313    0.00    0.00    0.00    0.00    0.00     0  ksmbd-br-lan
19:00:42        0      3425    0.00    0.00    0.00    0.00    0.00     0  ntpd
19:00:42      123      3436    0.00    0.00    0.00    0.00    0.00     0  ntpd
19:00:42        0      3469    0.00    0.00    0.00    0.00    0.00     0  hdd-spindown-wo
19:00:42        0      3520    0.00    0.00    0.00    0.00    0.00     0  ttyd
19:00:42        0      3568    0.00    0.00    0.00    0.00    0.00     0  ubihealthd
19:00:42        0      3687    3.00    6.00    0.00    0.00    9.00     0  dropbear
19:00:42        0      3688    0.00    0.00    0.00    0.00    0.00     0  dropbear
19:00:42        0      3689    0.00    0.00    0.00    0.00    0.00     0  ash
19:00:42        0      3695    0.00    1.00    0.00    0.00    1.00     0  ash
19:00:42        0      3699    0.00    0.00    0.00    0.00    0.00     0  sftp-server
19:00:42        0      4196    0.00    0.00    0.00    0.00    0.00     0  odhcp6c
19:00:42        0      4236    0.00    0.00    0.00    0.00    0.00     0  vsftpd
19:00:42        0      4239    0.00    0.00    0.00    0.00    0.00     0  vsftpd
19:00:42        0      4325    0.00    0.00    0.00    0.00    0.00     0  vsftpd
19:00:42        0      4328    2.00   30.00    0.00    0.00   32.00     0  vsftpd
19:00:42        0      4967    0.00    0.00    0.00    0.00    0.00     0  kworker/0:1
19:00:42        0      5182    0.00    0.00    0.00    0.00    0.00     0  sleep
19:00:42        0      5191    4.00    8.00    0.00    0.00   12.00     0  pidstat
19:00:42        0      5218    0.00    3.00    0.00    0.00    3.00     0  kworker/u2:0-writeback
19:00:42        0      5238    0.00    0.00    0.00    0.00    0.00     0  sleep

19:00:41      UID       PID   kB_rd/s   kB_wr/s kB_ccwr/s iodelay  Command
19:00:42        0         1     -1.00     -1.00     -1.00       0  procd
19:00:42        0         2     -1.00     -1.00     -1.00       0  kthreadd
19:00:42        0         3     -1.00     -1.00     -1.00       0  pool_workqueue_release
19:00:42        0         4     -1.00     -1.00     -1.00       0  kworker/R-slub_
19:00:42        0         5     -1.00     -1.00     -1.00       0  kworker/R-netns
19:00:42        0         6     -1.00     -1.00     -1.00       0  kworker/0:0-events_power_efficient
19:00:42        0         7     -1.00     -1.00     -1.00       0  kworker/0:0H-kblockd
19:00:42        0         9     -1.00     -1.00     -1.00       0  kworker/R-mm_pe
19:00:42        0        10     -1.00     -1.00     -1.00       0  rcu_tasks_trace_kthread
19:00:42        0        11     -1.00     -1.00     -1.00       0  ksoftirqd/0
19:00:42        0        12     -1.00     -1.00     -1.00       0  kworker/R-inet_
19:00:42        0        13     -1.00     -1.00     -1.00       0  oom_reaper
19:00:42        0        14     -1.00     -1.00     -1.00       0  kworker/R-write
19:00:42        0        15     -1.00     -1.00     -1.00       0  kcompactd0
19:00:42        0        16     -1.00     -1.00     -1.00       0  kworker/R-kbloc
19:00:42        0        17     -1.00     -1.00     -1.00       0  kworker/R-blkcg
19:00:42        0        18     -1.00     -1.00     -1.00       0  kworker/R-ata_s
19:00:42        0        20     -1.00     -1.00     -1.00       0  watchdogd
19:00:42        0        26     -1.00     -1.00     -1.00       0  kswapd0
19:00:42        0        29     -1.00     -1.00     -1.00       0  kworker/R-kthro
19:00:42        0       141     -1.00     -1.00     -1.00       0  kworker/u2:2-ext4-rsv-conversion
19:00:42        0       160     -1.00     -1.00     -1.00       0  kworker/u2:3-events_unbound
19:00:42        0       209     -1.00     -1.00     -1.00       0  irq/31-f1030000.crypto
19:00:42        0       233     -1.00     -1.00     -1.00       0  kworker/R-mld
19:00:42        0       237     -1.00     -1.00     -1.00       0  kworker/R-ipv6_
19:00:42        0       238     -1.00     -1.00     -1.00       0  kworker/R-dsa_o
19:00:42        0       239     -1.00     -1.00     -1.00       0  kworker/R-kstrp
19:00:42        0       342     -1.00     -1.00     -1.00       0  kworker/u2:4-ext4-rsv-conversion
19:00:42        0       343     -1.00     -1.00     -1.00       0  kworker/0:5-events_power_efficient
19:00:42        0       356     -1.00     -1.00     -1.00       0  ubi_bgt0d
19:00:42        0       361     -1.00     -1.00     -1.00       0  kworker/0:1H
19:00:42        0       366     -1.00     -1.00     -1.00       0  irq/32-gpio_keys
19:00:42        0       367     -1.00     -1.00     -1.00       0  irq/33-gpio_keys
19:00:42        0       396     -1.00     -1.00     -1.00       0  scsi_eh_0
19:00:42        0       397     -1.00     -1.00     -1.00       0  kworker/R-scsi_
19:00:42        0       401     -1.00     -1.00     -1.00       0  scsi_eh_1
19:00:42        0       402     -1.00     -1.00     -1.00       0  kworker/R-scsi_
19:00:42        0       548     -1.00     -1.00     -1.00       0  jbd2/sda1-8
19:00:42        0       549     -1.00     -1.00     -1.00       0  kworker/R-ext4-
19:00:42       81       650     -1.00     -1.00     -1.00       0  ubusd
19:00:42        0       668     -1.00     -1.00     -1.00       0  askfirst
19:00:42        0       737     -1.00     -1.00     -1.00       0  urngd
19:00:42        0       873     -1.00     -1.00     -1.00       0  kworker/R-md
19:00:42        0       874     -1.00     -1.00     -1.00       0  kworker/R-md_bi
19:00:42        0       910     -1.00     -1.00     -1.00       0  kworker/R-xfsal
19:00:42        0       913     -1.00     -1.00     -1.00       0  kworker/R-xfs_m
19:00:42        0      1248     -1.00     -1.00     -1.00       0  jbd2/sda2-8
19:00:42        0      1250     -1.00     -1.00     -1.00       0  kworker/R-ext4-
19:00:42        0      1278     -1.00     -1.00     -1.00       0  jbd2/sda3-8
19:00:42        0      1279     -1.00     -1.00     -1.00       0  kworker/R-ext4-
19:00:42        0      1304     -1.00     -1.00     -1.00       0  jbd2/sdb1-8
19:00:42        0      1305     -1.00     -1.00     -1.00       0  kworker/R-ext4-
19:00:42      514      1349     -1.00     -1.00     -1.00       0  logd
19:00:42        0      1418     -1.00     -1.00     -1.00       0  rpcd
19:00:42        0      1627     -1.00     -1.00     -1.00       0  dnsmasq
19:00:42      453      1649     -1.00     -1.00     -1.00       0  dnsmasq
19:00:42        0      1752     -1.00     -1.00     -1.00       0  dropbear
19:00:42        0      1870     -1.00     -1.00     -1.00       0  netifd
19:00:42        0      1984     -1.00     -1.00     -1.00       0  odhcpd
19:00:42        0      2069     -1.00     -1.00     -1.00       0  crond
19:00:42        0      2153     -1.00     -1.00     -1.00       0  lighttpd
19:00:42        0      2286     -1.00     -1.00     -1.00       0  uhttpd
19:00:42        0      2325     -1.00     -1.00     -1.00       0  vsftpd
19:00:42        0      2398     -1.00     -1.00     -1.00       0  dbus-daemon
19:00:42    65534      2473     -1.00     -1.00     -1.00       0  avahi-daemon
19:00:42        0      2546     -1.00     -1.00     -1.00       0  blockd
19:00:42        0      3303     -1.00     -1.00     -1.00       0  ksmbd.mountd
19:00:42        0      3308     -1.00     -1.00     -1.00       0  ksmbd.mountd
19:00:42        0      3313     -1.00     -1.00     -1.00       0  ksmbd-br-lan
19:00:42        0      3425     -1.00     -1.00     -1.00       0  ntpd
19:00:42      123      3436     -1.00     -1.00     -1.00       0  ntpd
19:00:42        0      3469     -1.00     -1.00     -1.00       0  hdd-spindown-wo
19:00:42        0      3520     -1.00     -1.00     -1.00       0  ttyd
19:00:42        0      3568     -1.00     -1.00     -1.00       0  ubihealthd
19:00:42        0      3687     -1.00     -1.00     -1.00       0  dropbear
19:00:42        0      3688     -1.00     -1.00     -1.00       0  dropbear
19:00:42        0      3689     -1.00     -1.00     -1.00       0  ash
19:00:42        0      3695     -1.00     -1.00     -1.00       0  ash
19:00:42        0      3699     -1.00     -1.00     -1.00       0  sftp-server
19:00:42        0      4196     -1.00     -1.00     -1.00       0  odhcp6c
19:00:42        0      4236     -1.00     -1.00     -1.00       0  vsftpd
19:00:42        0      4239     -1.00     -1.00     -1.00       0  vsftpd
19:00:42        0      4325     -1.00     -1.00     -1.00       0  vsftpd
19:00:42        0      4328     -1.00     -1.00     -1.00       0  vsftpd
19:00:42        0      4967     -1.00     -1.00     -1.00       0  kworker/0:1
19:00:42        0      5182     -1.00     -1.00     -1.00       0  sleep
19:00:42        0      5191     -1.00     -1.00     -1.00       0  pidstat
19:00:42        0      5218     -1.00     -1.00     -1.00       0  kworker/u2:0-writeback
19:00:42        0      5238     -1.00     -1.00     -1.00       0  sleep

19:00:42      UID       PID    %usr %system  %guest   %wait    %CPU   CPU  Command
19:00:43        0         1    0.00    0.00    0.00    0.00    0.00     0  procd
19:00:43        0         2    0.00    0.00    0.00    0.00    0.00     0  kthreadd
19:00:43        0         3    0.00    0.00    0.00    0.00    0.00     0  pool_workqueue_release
19:00:43        0         4    0.00    0.00    0.00    0.00    0.00     0  kworker/R-slub_
19:00:43        0         5    0.00    0.00    0.00    0.00    0.00     0  kworker/R-netns
19:00:43        0         6    0.00    0.00    0.00    0.00    0.00     0  kworker/0:0-events_power_efficient
19:00:43        0         7    0.00    0.00    0.00    0.00    0.00     0  kworker/0:0H-kblockd
19:00:43        0         9    0.00    0.00    0.00    0.00    0.00     0  kworker/R-mm_pe
19:00:43        0        10    0.00    0.00    0.00    0.00    0.00     0  rcu_tasks_trace_kthread
19:00:43        0        11    0.00    1.00    0.00    0.00    1.00     0  ksoftirqd/0
19:00:43        0        12    0.00    0.00    0.00    0.00    0.00     0  kworker/R-inet_
19:00:43        0        13    0.00    0.00    0.00    0.00    0.00     0  oom_reaper
19:00:43        0        14    0.00    0.00    0.00    0.00    0.00     0  kworker/R-write
19:00:43        0        15    0.00    0.00    0.00    0.00    0.00     0  kcompactd0
19:00:43        0        16    0.00    0.00    0.00    0.00    0.00     0  kworker/R-kbloc
19:00:43        0        17    0.00    0.00    0.00    0.00    0.00     0  kworker/R-blkcg
19:00:43        0        18    0.00    0.00    0.00    0.00    0.00     0  kworker/R-ata_s
19:00:43        0        20    0.00    0.00    0.00    0.00    0.00     0  watchdogd
19:00:43        0        26    0.00    1.00    0.00    0.00    1.00     0  kswapd0
19:00:43        0        29    0.00    0.00    0.00    0.00    0.00     0  kworker/R-kthro
19:00:43        0       141    0.00    0.00    0.00    0.00    0.00     0  kworker/u2:2-ext4-rsv-conversion
19:00:43        0       160    0.00    0.00    0.00    0.00    0.00     0  kworker/u2:3-ext4-rsv-conversion
19:00:43        0       209    0.00    0.00    0.00    0.00    0.00     0  irq/31-f1030000.crypto
19:00:43        0       233    0.00    0.00    0.00    0.00    0.00     0  kworker/R-mld
19:00:43        0       237    0.00    0.00    0.00    0.00    0.00     0  kworker/R-ipv6_
19:00:43        0       238    0.00    0.00    0.00    0.00    0.00     0  kworker/R-dsa_o
19:00:43        0       239    0.00    0.00    0.00    0.00    0.00     0  kworker/R-kstrp
19:00:43        0       342    0.00    0.00    0.00    0.00    0.00     0  kworker/u2:4-ext4-rsv-conversion
19:00:43        0       343    0.00    0.00    0.00    0.00    0.00     0  kworker/0:5-events_power_efficient
19:00:43        0       356    0.00    0.00    0.00    0.00    0.00     0  ubi_bgt0d
19:00:43        0       361    0.00    0.00    0.00    0.00    0.00     0  kworker/0:1H
19:00:43        0       366    0.00    0.00    0.00    0.00    0.00     0  irq/32-gpio_keys
19:00:43        0       367    0.00    0.00    0.00    0.00    0.00     0  irq/33-gpio_keys
19:00:43        0       396    0.00    0.00    0.00    0.00    0.00     0  scsi_eh_0
19:00:43        0       397    0.00    0.00    0.00    0.00    0.00     0  kworker/R-scsi_
19:00:43        0       401    0.00    0.00    0.00    0.00    0.00     0  scsi_eh_1
19:00:43        0       402    0.00    0.00    0.00    0.00    0.00     0  kworker/R-scsi_
19:00:43        0       548    0.00    0.00    0.00    0.00    0.00     0  jbd2/sda1-8
19:00:43        0       549    0.00    0.00    0.00    0.00    0.00     0  kworker/R-ext4-
19:00:43       81       650    0.00    0.00    0.00    0.00    0.00     0  ubusd
19:00:43        0       668    0.00    0.00    0.00    0.00    0.00     0  askfirst
19:00:43        0       737    0.00    0.00    0.00    0.00    0.00     0  urngd
19:00:43        0       873    0.00    0.00    0.00    0.00    0.00     0  kworker/R-md
19:00:43        0       874    0.00    0.00    0.00    0.00    0.00     0  kworker/R-md_bi
19:00:43        0       910    0.00    0.00    0.00    0.00    0.00     0  kworker/R-xfsal
19:00:43        0       913    0.00    0.00    0.00    0.00    0.00     0  kworker/R-xfs_m
19:00:43        0      1248    0.00    0.00    0.00    0.00    0.00     0  jbd2/sda2-8
19:00:43        0      1250    0.00    0.00    0.00    0.00    0.00     0  kworker/R-ext4-
19:00:43        0      1278    0.00    0.00    0.00    0.00    0.00     0  jbd2/sda3-8
19:00:43        0      1279    0.00    0.00    0.00    0.00    0.00     0  kworker/R-ext4-
19:00:43        0      1304    0.00    0.00    0.00    0.00    0.00     0  jbd2/sdb1-8
19:00:43        0      1305    0.00    0.00    0.00    0.00    0.00     0  kworker/R-ext4-
19:00:43      514      1349    0.00    0.00    0.00    0.00    0.00     0  logd
19:00:43        0      1418    0.00    0.00    0.00    0.00    0.00     0  rpcd
19:00:43        0      1627    0.00    0.00    0.00    0.00    0.00     0  dnsmasq
19:00:43      453      1649    0.00    0.00    0.00    0.00    0.00     0  dnsmasq
19:00:43        0      1752    0.00    0.00    0.00    0.00    0.00     0  dropbear
19:00:43        0      1870    0.00    0.00    0.00    0.00    0.00     0  netifd
19:00:43        0      1984    0.00    0.00    0.00    0.00    0.00     0  odhcpd
19:00:43        0      2069    0.00    0.00    0.00    0.00    0.00     0  crond
19:00:43        0      2153    0.00    0.00    0.00    0.00    0.00     0  lighttpd
19:00:43        0      2286    0.00    0.00    0.00    0.00    0.00     0  uhttpd
19:00:43        0      2325    0.00    0.00    0.00    0.00    0.00     0  vsftpd
19:00:43        0      2398    0.00    0.00    0.00    0.00    0.00     0  dbus-daemon
19:00:43    65534      2473    0.00    0.00    0.00    0.00    0.00     0  avahi-daemon
19:00:43        0      2546    0.00    0.00    0.00    0.00    0.00     0  blockd
19:00:43        0      3303    0.00    0.00    0.00    0.00    0.00     0  ksmbd.mountd
19:00:43        0      3308    0.00    0.00    0.00    0.00    0.00     0  ksmbd.mountd
19:00:43        0      3313    0.00    0.00    0.00    0.00    0.00     0  ksmbd-br-lan
19:00:43        0      3425    0.00    0.00    0.00    0.00    0.00     0  ntpd
19:00:43      123      3436    0.00    0.00    0.00    0.00    0.00     0  ntpd
19:00:43        0      3469    0.00    0.00    0.00    0.00    0.00     0  hdd-spindown-wo
19:00:43        0      3520    0.00    0.00    0.00    0.00    0.00     0  ttyd
19:00:43        0      3568    0.00    0.00    0.00    0.00    0.00     0  ubihealthd
19:00:43        0      3687    2.00    4.00    0.00    0.00    6.00     0  dropbear
19:00:43        0      3688    0.00    0.00    0.00    0.00    0.00     0  dropbear
19:00:43        0      3689    0.00    0.00    0.00    0.00    0.00     0  ash
19:00:43        0      3695    0.00    1.00    0.00    0.00    1.00     0  ash
19:00:43        0      3699    0.00    0.00    0.00    0.00    0.00     0  sftp-server
19:00:43        0      4196    0.00    0.00    0.00    0.00    0.00     0  odhcp6c
19:00:43        0      4236    0.00    0.00    0.00    0.00    0.00     0  vsftpd
19:00:43        0      4239    0.00    0.00    0.00    0.00    0.00     0  vsftpd
19:00:43        0      4325    0.00    0.00    0.00    0.00    0.00     0  vsftpd
19:00:43        0      4328    1.00   31.00    0.00    0.00   32.00     0  vsftpd
19:00:43        0      4967    0.00    0.00    0.00    0.00    0.00     0  kworker/0:1
19:00:43        0      5182    0.00    0.00    0.00    0.00    0.00     0  sleep
19:00:43        0      5191    2.00   10.00    0.00    0.00   12.00     0  pidstat
19:00:43        0      5218    0.00    3.00    0.00    0.00    3.00     0  kworker/u2:0-ext4-rsv-conversion
19:00:43        0      5243    0.00    0.00    0.00    0.00    0.00     0  sleep

19:00:42      UID       PID   kB_rd/s   kB_wr/s kB_ccwr/s iodelay  Command
19:00:43        0         1     -1.00     -1.00     -1.00       0  procd
19:00:43        0         2     -1.00     -1.00     -1.00       0  kthreadd
19:00:43        0         3     -1.00     -1.00     -1.00       0  pool_workqueue_release
19:00:43        0         4     -1.00     -1.00     -1.00       0  kworker/R-slub_
19:00:43        0         5     -1.00     -1.00     -1.00       0  kworker/R-netns
19:00:43        0         6     -1.00     -1.00     -1.00       0  kworker/0:0-events_power_efficient
19:00:43        0         7     -1.00     -1.00     -1.00       0  kworker/0:0H-kblockd
19:00:43        0         9     -1.00     -1.00     -1.00       0  kworker/R-mm_pe
19:00:43        0        10     -1.00     -1.00     -1.00       0  rcu_tasks_trace_kthread
19:00:43        0        11     -1.00     -1.00     -1.00       0  ksoftirqd/0
19:00:43        0        12     -1.00     -1.00     -1.00       0  kworker/R-inet_
19:00:43        0        13     -1.00     -1.00     -1.00       0  oom_reaper
19:00:43        0        14     -1.00     -1.00     -1.00       0  kworker/R-write
19:00:43        0        15     -1.00     -1.00     -1.00       0  kcompactd0
19:00:43        0        16     -1.00     -1.00     -1.00       0  kworker/R-kbloc
19:00:43        0        17     -1.00     -1.00     -1.00       0  kworker/R-blkcg
19:00:43        0        18     -1.00     -1.00     -1.00       0  kworker/R-ata_s
19:00:43        0        20     -1.00     -1.00     -1.00       0  watchdogd
19:00:43        0        26     -1.00     -1.00     -1.00       0  kswapd0
19:00:43        0        29     -1.00     -1.00     -1.00       0  kworker/R-kthro
19:00:43        0       141     -1.00     -1.00     -1.00       0  kworker/u2:2-ext4-rsv-conversion
19:00:43        0       160     -1.00     -1.00     -1.00       0  kworker/u2:3-ext4-rsv-conversion
19:00:43        0       209     -1.00     -1.00     -1.00       0  irq/31-f1030000.crypto
19:00:43        0       233     -1.00     -1.00     -1.00       0  kworker/R-mld
19:00:43        0       237     -1.00     -1.00     -1.00       0  kworker/R-ipv6_
19:00:43        0       238     -1.00     -1.00     -1.00       0  kworker/R-dsa_o
19:00:43        0       239     -1.00     -1.00     -1.00       0  kworker/R-kstrp
19:00:43        0       342     -1.00     -1.00     -1.00       0  kworker/u2:4-ext4-rsv-conversion
19:00:43        0       343     -1.00     -1.00     -1.00       0  kworker/0:5-events_power_efficient
19:00:43        0       356     -1.00     -1.00     -1.00       0  ubi_bgt0d
19:00:43        0       361     -1.00     -1.00     -1.00       0  kworker/0:1H
19:00:43        0       366     -1.00     -1.00     -1.00       0  irq/32-gpio_keys
19:00:43        0       367     -1.00     -1.00     -1.00       0  irq/33-gpio_keys
19:00:43        0       396     -1.00     -1.00     -1.00       0  scsi_eh_0
19:00:43        0       397     -1.00     -1.00     -1.00       0  kworker/R-scsi_
19:00:43        0       401     -1.00     -1.00     -1.00       0  scsi_eh_1
19:00:43        0       402     -1.00     -1.00     -1.00       0  kworker/R-scsi_
19:00:43        0       548     -1.00     -1.00     -1.00       0  jbd2/sda1-8
19:00:43        0       549     -1.00     -1.00     -1.00       0  kworker/R-ext4-
19:00:43       81       650     -1.00     -1.00     -1.00       0  ubusd
19:00:43        0       668     -1.00     -1.00     -1.00       0  askfirst
19:00:43        0       737     -1.00     -1.00     -1.00       0  urngd
19:00:43        0       873     -1.00     -1.00     -1.00       0  kworker/R-md
19:00:43        0       874     -1.00     -1.00     -1.00       0  kworker/R-md_bi
19:00:43        0       910     -1.00     -1.00     -1.00       0  kworker/R-xfsal
19:00:43        0       913     -1.00     -1.00     -1.00       0  kworker/R-xfs_m
19:00:43        0      1248     -1.00     -1.00     -1.00       0  jbd2/sda2-8
19:00:43        0      1250     -1.00     -1.00     -1.00       0  kworker/R-ext4-
19:00:43        0      1278     -1.00     -1.00     -1.00       0  jbd2/sda3-8
19:00:43        0      1279     -1.00     -1.00     -1.00       0  kworker/R-ext4-
19:00:43        0      1304     -1.00     -1.00     -1.00       0  jbd2/sdb1-8
19:00:43        0      1305     -1.00     -1.00     -1.00       0  kworker/R-ext4-
19:00:43      514      1349     -1.00     -1.00     -1.00       0  logd
19:00:43        0      1418     -1.00     -1.00     -1.00       0  rpcd
19:00:43        0      1627     -1.00     -1.00     -1.00       0  dnsmasq
19:00:43      453      1649     -1.00     -1.00     -1.00       0  dnsmasq
19:00:43        0      1752     -1.00     -1.00     -1.00       0  dropbear
19:00:43        0      1870     -1.00     -1.00     -1.00       0  netifd
19:00:43        0      1984     -1.00     -1.00     -1.00       0  odhcpd
19:00:43        0      2069     -1.00     -1.00     -1.00       0  crond
19:00:43        0      2153     -1.00     -1.00     -1.00       0  lighttpd
19:00:43        0      2286     -1.00     -1.00     -1.00       0  uhttpd
19:00:43        0      2325     -1.00     -1.00     -1.00       0  vsftpd
19:00:43        0      2398     -1.00     -1.00     -1.00       0  dbus-daemon
19:00:43    65534      2473     -1.00     -1.00     -1.00       0  avahi-daemon
19:00:43        0      2546     -1.00     -1.00     -1.00       0  blockd
19:00:43        0      3303     -1.00     -1.00     -1.00       0  ksmbd.mountd
19:00:43        0      3308     -1.00     -1.00     -1.00       0  ksmbd.mountd
19:00:43        0      3313     -1.00     -1.00     -1.00       0  ksmbd-br-lan
19:00:43        0      3425     -1.00     -1.00     -1.00       0  ntpd
19:00:43      123      3436     -1.00     -1.00     -1.00       0  ntpd
19:00:43        0      3469     -1.00     -1.00     -1.00       0  hdd-spindown-wo
19:00:43        0      3520     -1.00     -1.00     -1.00       0  ttyd
19:00:43        0      3568     -1.00     -1.00     -1.00       0  ubihealthd
19:00:43        0      3687     -1.00     -1.00     -1.00       0  dropbear
19:00:43        0      3688     -1.00     -1.00     -1.00       0  dropbear
19:00:43        0      3689     -1.00     -1.00     -1.00       0  ash
19:00:43        0      3695     -1.00     -1.00     -1.00       0  ash
19:00:43        0      3699     -1.00     -1.00     -1.00       0  sftp-server
19:00:43        0      4196     -1.00     -1.00     -1.00       0  odhcp6c
19:00:43        0      4236     -1.00     -1.00     -1.00       0  vsftpd
19:00:43        0      4239     -1.00     -1.00     -1.00       0  vsftpd
19:00:43        0      4325     -1.00     -1.00     -1.00       0  vsftpd
19:00:43        0      4328     -1.00     -1.00     -1.00       0  vsftpd
19:00:43        0      4967     -1.00     -1.00     -1.00       0  kworker/0:1
19:00:43        0      5182     -1.00     -1.00     -1.00       0  sleep
19:00:43        0      5191     -1.00     -1.00     -1.00       0  pidstat
19:00:43        0      5218     -1.00     -1.00     -1.00       0  kworker/u2:0-ext4-rsv-conversion
19:00:43        0      5243     -1.00     -1.00     -1.00       0  sleep

19:00:43      UID       PID    %usr %system  %guest   %wait    %CPU   CPU  Command
19:00:44        0         1    0.00    0.00    0.00    0.00    0.00     0  procd
19:00:44        0         2    0.00    0.00    0.00    0.00    0.00     0  kthreadd
19:00:44        0         3    0.00    0.00    0.00    0.00    0.00     0  pool_workqueue_release
19:00:44        0         4    0.00    0.00    0.00    0.00    0.00     0  kworker/R-slub_
19:00:44        0         5    0.00    0.00    0.00    0.00    0.00     0  kworker/R-netns
19:00:44        0         6    0.00    0.00    0.00    0.00    0.00     0  kworker/0:0-events_power_efficient
19:00:44        0         7    0.00    0.00    0.00    0.00    0.00     0  kworker/0:0H-kblockd
19:00:44        0         9    0.00    0.00    0.00    0.00    0.00     0  kworker/R-mm_pe
19:00:44        0        10    0.00    0.00    0.00    0.00    0.00     0  rcu_tasks_trace_kthread
19:00:44        0        11    0.00    0.00    0.00    0.00    0.00     0  ksoftirqd/0
19:00:44        0        12    0.00    0.00    0.00    0.00    0.00     0  kworker/R-inet_
19:00:44        0        13    0.00    0.00    0.00    0.00    0.00     0  oom_reaper
19:00:44        0        14    0.00    0.00    0.00    0.00    0.00     0  kworker/R-write
19:00:44        0        15    1.00    0.00    0.00    0.00    1.00     0  kcompactd0
19:00:44        0        16    0.00    0.00    0.00    0.00    0.00     0  kworker/R-kbloc
19:00:44        0        17    0.00    0.00    0.00    0.00    0.00     0  kworker/R-blkcg
19:00:44        0        18    0.00    0.00    0.00    0.00    0.00     0  kworker/R-ata_s
19:00:44        0        20    0.00    0.00    0.00    0.00    0.00     0  watchdogd
19:00:44        0        26    0.00    1.00    0.00    0.00    1.00     0  kswapd0
19:00:44        0        29    0.00    0.00    0.00    0.00    0.00     0  kworker/R-kthro
19:00:44        0       141    0.00    0.00    0.00    0.00    0.00     0  kworker/u2:2-ext4-rsv-conversion
19:00:44        0       160    0.00    1.00    0.00    0.00    1.00     0  kworker/u2:3-writeback
19:00:44        0       209    0.00    0.00    0.00    0.00    0.00     0  irq/31-f1030000.crypto
19:00:44        0       233    0.00    0.00    0.00    0.00    0.00     0  kworker/R-mld
19:00:44        0       237    0.00    0.00    0.00    0.00    0.00     0  kworker/R-ipv6_
19:00:44        0       238    0.00    0.00    0.00    0.00    0.00     0  kworker/R-dsa_o
19:00:44        0       239    0.00    0.00    0.00    0.00    0.00     0  kworker/R-kstrp
19:00:44        0       342    0.00    0.00    0.00    0.00    0.00     0  kworker/u2:4-ext4-rsv-conversion
19:00:44        0       343    0.00    0.00    0.00    0.00    0.00     0  kworker/0:5-ata_sff
19:00:44        0       356    0.00    0.00    0.00    0.00    0.00     0  ubi_bgt0d
19:00:44        0       361    0.00    0.00    0.00    0.00    0.00     0  kworker/0:1H
19:00:44        0       366    0.00    0.00    0.00    0.00    0.00     0  irq/32-gpio_keys
19:00:44        0       367    0.00    0.00    0.00    0.00    0.00     0  irq/33-gpio_keys
19:00:44        0       396    0.00    0.00    0.00    0.00    0.00     0  scsi_eh_0
19:00:44        0       397    0.00    0.00    0.00    0.00    0.00     0  kworker/R-scsi_
19:00:44        0       401    0.00    0.00    0.00    0.00    0.00     0  scsi_eh_1
19:00:44        0       402    0.00    0.00    0.00    0.00    0.00     0  kworker/R-scsi_
19:00:44        0       548    0.00    0.00    0.00    0.00    0.00     0  jbd2/sda1-8
19:00:44        0       549    0.00    0.00    0.00    0.00    0.00     0  kworker/R-ext4-
19:00:44       81       650    0.00    0.00    0.00    0.00    0.00     0  ubusd
19:00:44        0       668    0.00    0.00    0.00    0.00    0.00     0  askfirst
19:00:44        0       737    0.00    0.00    0.00    0.00    0.00     0  urngd
19:00:44        0       873    0.00    0.00    0.00    0.00    0.00     0  kworker/R-md
19:00:44        0       874    0.00    0.00    0.00    0.00    0.00     0  kworker/R-md_bi
19:00:44        0       910    0.00    0.00    0.00    0.00    0.00     0  kworker/R-xfsal
19:00:44        0       913    0.00    0.00    0.00    0.00    0.00     0  kworker/R-xfs_m
19:00:44        0      1248    0.00    0.00    0.00    0.00    0.00     0  jbd2/sda2-8
19:00:44        0      1250    0.00    0.00    0.00    0.00    0.00     0  kworker/R-ext4-
19:00:44        0      1278    0.00    0.00    0.00    0.00    0.00     0  jbd2/sda3-8
19:00:44        0      1279    0.00    0.00    0.00    0.00    0.00     0  kworker/R-ext4-
19:00:44        0      1304    0.00    1.00    0.00    0.00    1.00     0  jbd2/sdb1-8
19:00:44        0      1305    0.00    0.00    0.00    0.00    0.00     0  kworker/R-ext4-
19:00:44      514      1349    0.00    0.00    0.00    0.00    0.00     0  logd
19:00:44        0      1418    0.00    0.00    0.00    0.00    0.00     0  rpcd
19:00:44        0      1627    0.00    0.00    0.00    0.00    0.00     0  dnsmasq
19:00:44      453      1649    0.00    0.00    0.00    0.00    0.00     0  dnsmasq
19:00:44        0      1752    0.00    0.00    0.00    0.00    0.00     0  dropbear
19:00:44        0      1870    0.00    0.00    0.00    0.00    0.00     0  netifd
19:00:44        0      1984    0.00    0.00    0.00    0.00    0.00     0  odhcpd
19:00:44        0      2069    0.00    0.00    0.00    0.00    0.00     0  crond
19:00:44        0      2153    0.00    0.00    0.00    0.00    0.00     0  lighttpd
19:00:44        0      2286    0.00    0.00    0.00    0.00    0.00     0  uhttpd
19:00:44        0      2325    0.00    0.00    0.00    0.00    0.00     0  vsftpd
19:00:44        0      2398    0.00    0.00    0.00    0.00    0.00     0  dbus-daemon
19:00:44    65534      2473    0.00    0.00    0.00    0.00    0.00     0  avahi-daemon
19:00:44        0      2546    0.00    0.00    0.00    0.00    0.00     0  blockd
19:00:44        0      3303    0.00    0.00    0.00    0.00    0.00     0  ksmbd.mountd
19:00:44        0      3308    0.00    0.00    0.00    0.00    0.00     0  ksmbd.mountd
19:00:44        0      3313    0.00    0.00    0.00    0.00    0.00     0  ksmbd-br-lan
19:00:44        0      3425    0.00    0.00    0.00    0.00    0.00     0  ntpd
19:00:44      123      3436    0.00    0.00    0.00    0.00    0.00     0  ntpd
19:00:44        0      3469    0.00    0.00    0.00    0.00    0.00     0  hdd-spindown-wo
19:00:44        0      3520    0.00    0.00    0.00    0.00    0.00     0  ttyd
19:00:44        0      3568    0.00    0.00    0.00    0.00    0.00     0  ubihealthd
19:00:44        0      3687    3.00    6.00    0.00    0.00    9.00     0  dropbear
19:00:44        0      3688    0.00    0.00    0.00    0.00    0.00     0  dropbear
19:00:44        0      3689    0.00    0.00    0.00    0.00    0.00     0  ash
19:00:44        0      3695    0.00    0.00    0.00    0.00    0.00     0  ash
19:00:44        0      3699    0.00    0.00    0.00    0.00    0.00     0  sftp-server
19:00:44        0      4196    0.00    0.00    0.00    0.00    0.00     0  odhcp6c
19:00:44        0      4236    0.00    0.00    0.00    0.00    0.00     0  vsftpd
19:00:44        0      4239    0.00    0.00    0.00    0.00    0.00     0  vsftpd
19:00:44        0      4325    0.00    0.00    0.00    0.00    0.00     0  vsftpd
19:00:44        0      4328    4.00   30.00    0.00    0.00   34.00     0  vsftpd
19:00:44        0      4967    0.00    0.00    0.00    0.00    0.00     0  kworker/0:1
19:00:44        0      5182    0.00    0.00    0.00    0.00    0.00     0  sleep
19:00:44        0      5191    3.00    8.00    0.00    0.00   11.00     0  pidstat
19:00:44        0      5218    0.00    3.00    0.00    0.00    3.00     0  kworker/u2:0-flush-8:16
19:00:44        0      5248    0.00    0.00    0.00    0.00    0.00     0  sleep

19:00:43      UID       PID   kB_rd/s   kB_wr/s kB_ccwr/s iodelay  Command
19:00:44        0         1     -1.00     -1.00     -1.00       0  procd
19:00:44        0         2     -1.00     -1.00     -1.00       0  kthreadd
19:00:44        0         3     -1.00     -1.00     -1.00       0  pool_workqueue_release
19:00:44        0         4     -1.00     -1.00     -1.00       0  kworker/R-slub_
19:00:44        0         5     -1.00     -1.00     -1.00       0  kworker/R-netns
19:00:44        0         6     -1.00     -1.00     -1.00       0  kworker/0:0-events_power_efficient
19:00:44        0         7     -1.00     -1.00     -1.00       0  kworker/0:0H-kblockd
19:00:44        0         9     -1.00     -1.00     -1.00       0  kworker/R-mm_pe
19:00:44        0        10     -1.00     -1.00     -1.00       0  rcu_tasks_trace_kthread
19:00:44        0        11     -1.00     -1.00     -1.00       0  ksoftirqd/0
19:00:44        0        12     -1.00     -1.00     -1.00       0  kworker/R-inet_
19:00:44        0        13     -1.00     -1.00     -1.00       0  oom_reaper
19:00:44        0        14     -1.00     -1.00     -1.00       0  kworker/R-write
19:00:44        0        15     -1.00     -1.00     -1.00       0  kcompactd0
19:00:44        0        16     -1.00     -1.00     -1.00       0  kworker/R-kbloc
19:00:44        0        17     -1.00     -1.00     -1.00       0  kworker/R-blkcg
19:00:44        0        18     -1.00     -1.00     -1.00       0  kworker/R-ata_s
19:00:44        0        20     -1.00     -1.00     -1.00       0  watchdogd
19:00:44        0        26     -1.00     -1.00     -1.00       0  kswapd0
19:00:44        0        29     -1.00     -1.00     -1.00       0  kworker/R-kthro
19:00:44        0       141     -1.00     -1.00     -1.00       0  kworker/u2:2-ext4-rsv-conversion
19:00:44        0       160     -1.00     -1.00     -1.00       0  kworker/u2:3-writeback
19:00:44        0       209     -1.00     -1.00     -1.00       0  irq/31-f1030000.crypto
19:00:44        0       233     -1.00     -1.00     -1.00       0  kworker/R-mld
19:00:44        0       237     -1.00     -1.00     -1.00       0  kworker/R-ipv6_
19:00:44        0       238     -1.00     -1.00     -1.00       0  kworker/R-dsa_o
19:00:44        0       239     -1.00     -1.00     -1.00       0  kworker/R-kstrp
19:00:44        0       342     -1.00     -1.00     -1.00       0  kworker/u2:4-ext4-rsv-conversion
19:00:44        0       343     -1.00     -1.00     -1.00       0  kworker/0:5-ata_sff
19:00:44        0       356     -1.00     -1.00     -1.00       0  ubi_bgt0d
19:00:44        0       361     -1.00     -1.00     -1.00       0  kworker/0:1H
19:00:44        0       366     -1.00     -1.00     -1.00       0  irq/32-gpio_keys
19:00:44        0       367     -1.00     -1.00     -1.00       0  irq/33-gpio_keys
19:00:44        0       396     -1.00     -1.00     -1.00       0  scsi_eh_0
19:00:44        0       397     -1.00     -1.00     -1.00       0  kworker/R-scsi_
19:00:44        0       401     -1.00     -1.00     -1.00       0  scsi_eh_1
19:00:44        0       402     -1.00     -1.00     -1.00       0  kworker/R-scsi_
19:00:44        0       548     -1.00     -1.00     -1.00       0  jbd2/sda1-8
19:00:44        0       549     -1.00     -1.00     -1.00       0  kworker/R-ext4-
19:00:44       81       650     -1.00     -1.00     -1.00       0  ubusd
19:00:44        0       668     -1.00     -1.00     -1.00       0  askfirst
19:00:44        0       737     -1.00     -1.00     -1.00       0  urngd
19:00:44        0       873     -1.00     -1.00     -1.00       0  kworker/R-md
19:00:44        0       874     -1.00     -1.00     -1.00       0  kworker/R-md_bi
19:00:44        0       910     -1.00     -1.00     -1.00       0  kworker/R-xfsal
19:00:44        0       913     -1.00     -1.00     -1.00       0  kworker/R-xfs_m
19:00:44        0      1248     -1.00     -1.00     -1.00       0  jbd2/sda2-8
19:00:44        0      1250     -1.00     -1.00     -1.00       0  kworker/R-ext4-
19:00:44        0      1278     -1.00     -1.00     -1.00       0  jbd2/sda3-8
19:00:44        0      1279     -1.00     -1.00     -1.00       0  kworker/R-ext4-
19:00:44        0      1304     -1.00     -1.00     -1.00       0  jbd2/sdb1-8
19:00:44        0      1305     -1.00     -1.00     -1.00       0  kworker/R-ext4-
19:00:44      514      1349     -1.00     -1.00     -1.00       0  logd
19:00:44        0      1418     -1.00     -1.00     -1.00       0  rpcd
19:00:44        0      1627     -1.00     -1.00     -1.00       0  dnsmasq
19:00:44      453      1649     -1.00     -1.00     -1.00       0  dnsmasq
19:00:44        0      1752     -1.00     -1.00     -1.00       0  dropbear
19:00:44        0      1870     -1.00     -1.00     -1.00       0  netifd
19:00:44        0      1984     -1.00     -1.00     -1.00       0  odhcpd
19:00:44        0      2069     -1.00     -1.00     -1.00       0  crond
19:00:44        0      2153     -1.00     -1.00     -1.00       0  lighttpd
19:00:44        0      2286     -1.00     -1.00     -1.00       0  uhttpd
19:00:44        0      2325     -1.00     -1.00     -1.00       0  vsftpd
19:00:44        0      2398     -1.00     -1.00     -1.00       0  dbus-daemon
19:00:44    65534      2473     -1.00     -1.00     -1.00       0  avahi-daemon
19:00:44        0      2546     -1.00     -1.00     -1.00       0  blockd
19:00:44        0      3303     -1.00     -1.00     -1.00       0  ksmbd.mountd
19:00:44        0      3308     -1.00     -1.00     -1.00       0  ksmbd.mountd
19:00:44        0      3313     -1.00     -1.00     -1.00       0  ksmbd-br-lan
19:00:44        0      3425     -1.00     -1.00     -1.00       0  ntpd
19:00:44      123      3436     -1.00     -1.00     -1.00       0  ntpd
19:00:44        0      3469     -1.00     -1.00     -1.00       0  hdd-spindown-wo
19:00:44        0      3520     -1.00     -1.00     -1.00       0  ttyd
19:00:44        0      3568     -1.00     -1.00     -1.00       0  ubihealthd
19:00:44        0      3687     -1.00     -1.00     -1.00       0  dropbear
19:00:44        0      3688     -1.00     -1.00     -1.00       0  dropbear
19:00:44        0      3689     -1.00     -1.00     -1.00       0  ash
19:00:44        0      3695     -1.00     -1.00     -1.00       0  ash
19:00:44        0      3699     -1.00     -1.00     -1.00       0  sftp-server
19:00:44        0      4196     -1.00     -1.00     -1.00       0  odhcp6c
19:00:44        0      4236     -1.00     -1.00     -1.00       0  vsftpd
19:00:44        0      4239     -1.00     -1.00     -1.00       0  vsftpd
19:00:44        0      4325     -1.00     -1.00     -1.00       0  vsftpd
19:00:44        0      4328     -1.00     -1.00     -1.00       0  vsftpd
19:00:44        0      4967     -1.00     -1.00     -1.00       0  kworker/0:1
19:00:44        0      5182     -1.00     -1.00     -1.00       0  sleep
19:00:44        0      5191     -1.00     -1.00     -1.00       0  pidstat
19:00:44        0      5218     -1.00     -1.00     -1.00       0  kworker/u2:0-flush-8:16
19:00:44        0      5248     -1.00     -1.00     -1.00       0  sleep

19:00:44      UID       PID    %usr %system  %guest   %wait    %CPU   CPU  Command
19:00:45        0         1    0.00    0.00    0.00    0.00    0.00     0  procd
19:00:45        0         2    0.00    0.00    0.00    0.00    0.00     0  kthreadd
19:00:45        0         3    0.00    0.00    0.00    0.00    0.00     0  pool_workqueue_release
19:00:45        0         4    0.00    0.00    0.00    0.00    0.00     0  kworker/R-slub_
19:00:45        0         5    0.00    0.00    0.00    0.00    0.00     0  kworker/R-netns
19:00:45        0         6    0.00    0.00    0.00    0.00    0.00     0  kworker/0:0-events_power_efficient
19:00:45        0         7    0.00    0.00    0.00    0.00    0.00     0  kworker/0:0H-kblockd
19:00:45        0         9    0.00    0.00    0.00    0.00    0.00     0  kworker/R-mm_pe
19:00:45        0        10    0.00    0.00    0.00    0.00    0.00     0  rcu_tasks_trace_kthread
19:00:45        0        11    0.00    0.00    0.00    0.00    0.00     0  ksoftirqd/0
19:00:45        0        12    0.00    0.00    0.00    0.00    0.00     0  kworker/R-inet_
19:00:45        0        13    0.00    0.00    0.00    0.00    0.00     0  oom_reaper
19:00:45        0        14    0.00    0.00    0.00    0.00    0.00     0  kworker/R-write
19:00:45        0        15    0.00    0.00    0.00    0.00    0.00     0  kcompactd0
19:00:45        0        16    0.00    0.00    0.00    0.00    0.00     0  kworker/R-kbloc
19:00:45        0        17    0.00    0.00    0.00    0.00    0.00     0  kworker/R-blkcg
19:00:45        0        18    0.00    0.00    0.00    0.00    0.00     0  kworker/R-ata_s
19:00:45        0        20    0.00    0.00    0.00    0.00    0.00     0  watchdogd
19:00:45        0        26    0.00    2.00    0.00    0.00    2.00     0  kswapd0
19:00:45        0        29    0.00    0.00    0.00    0.00    0.00     0  kworker/R-kthro
19:00:45        0       141    0.00    0.00    0.00    0.00    0.00     0  kworker/u2:2-ext4-rsv-conversion
19:00:45        0       160    0.00    0.00    0.00    0.00    0.00     0  kworker/u2:3-events_unbound
19:00:45        0       209    0.00    0.00    0.00    0.00    0.00     0  irq/31-f1030000.crypto
19:00:45        0       233    0.00    0.00    0.00    0.00    0.00     0  kworker/R-mld
19:00:45        0       237    0.00    0.00    0.00    0.00    0.00     0  kworker/R-ipv6_
19:00:45        0       238    0.00    0.00    0.00    0.00    0.00     0  kworker/R-dsa_o
19:00:45        0       239    0.00    0.00    0.00    0.00    0.00     0  kworker/R-kstrp
19:00:45        0       342    0.00    0.00    0.00    0.00    0.00     0  kworker/u2:4-ext4-rsv-conversion
19:00:45        0       343    0.00    0.00    0.00    0.00    0.00     0  kworker/0:5-events_power_efficient
19:00:45        0       356    0.00    0.00    0.00    0.00    0.00     0  ubi_bgt0d
19:00:45        0       361    0.00    0.00    0.00    0.00    0.00     0  kworker/0:1H
19:00:45        0       366    0.00    0.00    0.00    0.00    0.00     0  irq/32-gpio_keys
19:00:45        0       367    0.00    0.00    0.00    0.00    0.00     0  irq/33-gpio_keys
19:00:45        0       396    0.00    0.00    0.00    0.00    0.00     0  scsi_eh_0
19:00:45        0       397    0.00    0.00    0.00    0.00    0.00     0  kworker/R-scsi_
19:00:45        0       401    0.00    0.00    0.00    0.00    0.00     0  scsi_eh_1
19:00:45        0       402    0.00    0.00    0.00    0.00    0.00     0  kworker/R-scsi_
19:00:45        0       548    0.00    0.00    0.00    0.00    0.00     0  jbd2/sda1-8
19:00:45        0       549    0.00    0.00    0.00    0.00    0.00     0  kworker/R-ext4-
19:00:45       81       650    0.00    0.00    0.00    0.00    0.00     0  ubusd
19:00:45        0       668    0.00    0.00    0.00    0.00    0.00     0  askfirst
19:00:45        0       737    0.00    0.00    0.00    0.00    0.00     0  urngd
19:00:45        0       873    0.00    0.00    0.00    0.00    0.00     0  kworker/R-md
19:00:45        0       874    0.00    0.00    0.00    0.00    0.00     0  kworker/R-md_bi
19:00:45        0       910    0.00    0.00    0.00    0.00    0.00     0  kworker/R-xfsal
19:00:45        0       913    0.00    0.00    0.00    0.00    0.00     0  kworker/R-xfs_m
19:00:45        0      1248    0.00    0.00    0.00    0.00    0.00     0  jbd2/sda2-8
19:00:45        0      1250    0.00    0.00    0.00    0.00    0.00     0  kworker/R-ext4-
19:00:45        0      1278    0.00    0.00    0.00    0.00    0.00     0  jbd2/sda3-8
19:00:45        0      1279    0.00    0.00    0.00    0.00    0.00     0  kworker/R-ext4-
19:00:45        0      1304    0.00    0.00    0.00    0.00    0.00     0  jbd2/sdb1-8
19:00:45        0      1305    0.00    0.00    0.00    0.00    0.00     0  kworker/R-ext4-
19:00:45      514      1349    0.00    0.00    0.00    0.00    0.00     0  logd
19:00:45        0      1418    0.00    0.00    0.00    0.00    0.00     0  rpcd
19:00:45        0      1627    0.00    0.00    0.00    0.00    0.00     0  dnsmasq
19:00:45      453      1649    0.00    0.00    0.00    0.00    0.00     0  dnsmasq
19:00:45        0      1752    0.00    0.00    0.00    0.00    0.00     0  dropbear
19:00:45        0      1870    0.00    0.00    0.00    0.00    0.00     0  netifd
19:00:45        0      1984    0.00    0.00    0.00    0.00    0.00     0  odhcpd
19:00:45        0      2069    0.00    0.00    0.00    0.00    0.00     0  crond
19:00:45        0      2153    0.00    0.00    0.00    0.00    0.00     0  lighttpd
19:00:45        0      2286    0.00    0.00    0.00    0.00    0.00     0  uhttpd
19:00:45        0      2325    0.00    0.00    0.00    0.00    0.00     0  vsftpd
19:00:45        0      2398    0.00    0.00    0.00    0.00    0.00     0  dbus-daemon
19:00:45    65534      2473    0.00    0.00    0.00    0.00    0.00     0  avahi-daemon
19:00:45        0      2546    0.00    0.00    0.00    0.00    0.00     0  blockd
19:00:45        0      3303    0.00    0.00    0.00    0.00    0.00     0  ksmbd.mountd
19:00:45        0      3308    0.00    0.00    0.00    0.00    0.00     0  ksmbd.mountd
19:00:45        0      3313    0.00    0.00    0.00    0.00    0.00     0  ksmbd-br-lan
19:00:45        0      3425    0.00    0.00    0.00    0.00    0.00     0  ntpd
19:00:45      123      3436    0.00    0.00    0.00    0.00    0.00     0  ntpd
19:00:45        0      3469    0.00    0.00    0.00    0.00    0.00     0  hdd-spindown-wo
19:00:45        0      3520    0.00    0.00    0.00    0.00    0.00     0  ttyd
19:00:45        0      3568    0.00    0.00    0.00    0.00    0.00     0  ubihealthd
19:00:45        0      3687    4.00    3.00    0.00    0.00    7.00     0  dropbear
19:00:45        0      3688    0.00    0.00    0.00    0.00    0.00     0  dropbear
19:00:45        0      3689    0.00    0.00    0.00    0.00    0.00     0  ash
19:00:45        0      3695    0.00    1.00    0.00    0.00    1.00     0  ash
19:00:45        0      3699    0.00    0.00    0.00    0.00    0.00     0  sftp-server
19:00:45        0      4196    0.00    0.00    0.00    0.00    0.00     0  odhcp6c
19:00:45        0      4236    0.00    0.00    0.00    0.00    0.00     0  vsftpd
19:00:45        0      4239    0.00    0.00    0.00    0.00    0.00     0  vsftpd
19:00:45        0      4325    0.00    0.00    0.00    0.00    0.00     0  vsftpd
19:00:45        0      4328    2.00   30.00    0.00    0.00   32.00     0  vsftpd
19:00:45        0      4967    0.00    0.00    0.00    0.00    0.00     0  kworker/0:1
19:00:45        0      5182    0.00    0.00    0.00    0.00    0.00     0  sleep
19:00:45        0      5191    3.00    9.00    0.00    0.00   12.00     0  pidstat
19:00:45        0      5218    0.00    2.00    0.00    0.00    2.00     0  kworker/u2:0-writeback
19:00:45        0      5253    0.00    0.00    0.00    0.00    0.00     0  sleep

19:00:44      UID       PID   kB_rd/s   kB_wr/s kB_ccwr/s iodelay  Command
19:00:45        0         1     -1.00     -1.00     -1.00       0  procd
19:00:45        0         2     -1.00     -1.00     -1.00       0  kthreadd
19:00:45        0         3     -1.00     -1.00     -1.00       0  pool_workqueue_release
19:00:45        0         4     -1.00     -1.00     -1.00       0  kworker/R-slub_
19:00:45        0         5     -1.00     -1.00     -1.00       0  kworker/R-netns
19:00:45        0         6     -1.00     -1.00     -1.00       0  kworker/0:0-events_power_efficient
19:00:45        0         7     -1.00     -1.00     -1.00       0  kworker/0:0H-kblockd
19:00:45        0         9     -1.00     -1.00     -1.00       0  kworker/R-mm_pe
19:00:45        0        10     -1.00     -1.00     -1.00       0  rcu_tasks_trace_kthread
19:00:45        0        11     -1.00     -1.00     -1.00       0  ksoftirqd/0
19:00:45        0        12     -1.00     -1.00     -1.00       0  kworker/R-inet_
19:00:45        0        13     -1.00     -1.00     -1.00       0  oom_reaper
19:00:45        0        14     -1.00     -1.00     -1.00       0  kworker/R-write
19:00:45        0        15     -1.00     -1.00     -1.00       0  kcompactd0
19:00:45        0        16     -1.00     -1.00     -1.00       0  kworker/R-kbloc
19:00:45        0        17     -1.00     -1.00     -1.00       0  kworker/R-blkcg
19:00:45        0        18     -1.00     -1.00     -1.00       0  kworker/R-ata_s
19:00:45        0        20     -1.00     -1.00     -1.00       0  watchdogd
19:00:45        0        26     -1.00     -1.00     -1.00       0  kswapd0
19:00:45        0        29     -1.00     -1.00     -1.00       0  kworker/R-kthro
19:00:45        0       141     -1.00     -1.00     -1.00       0  kworker/u2:2-ext4-rsv-conversion
19:00:45        0       160     -1.00     -1.00     -1.00       0  kworker/u2:3-events_unbound
19:00:45        0       209     -1.00     -1.00     -1.00       0  irq/31-f1030000.crypto
19:00:45        0       233     -1.00     -1.00     -1.00       0  kworker/R-mld
19:00:45        0       237     -1.00     -1.00     -1.00       0  kworker/R-ipv6_
19:00:45        0       238     -1.00     -1.00     -1.00       0  kworker/R-dsa_o
19:00:45        0       239     -1.00     -1.00     -1.00       0  kworker/R-kstrp
19:00:45        0       342     -1.00     -1.00     -1.00       0  kworker/u2:4-ext4-rsv-conversion
19:00:45        0       343     -1.00     -1.00     -1.00       0  kworker/0:5-events_power_efficient
19:00:45        0       356     -1.00     -1.00     -1.00       0  ubi_bgt0d
19:00:45        0       361     -1.00     -1.00     -1.00       0  kworker/0:1H
19:00:45        0       366     -1.00     -1.00     -1.00       0  irq/32-gpio_keys
19:00:45        0       367     -1.00     -1.00     -1.00       0  irq/33-gpio_keys
19:00:45        0       396     -1.00     -1.00     -1.00       0  scsi_eh_0
19:00:45        0       397     -1.00     -1.00     -1.00       0  kworker/R-scsi_
19:00:45        0       401     -1.00     -1.00     -1.00       0  scsi_eh_1
19:00:45        0       402     -1.00     -1.00     -1.00       0  kworker/R-scsi_
19:00:45        0       548     -1.00     -1.00     -1.00       0  jbd2/sda1-8
19:00:45        0       549     -1.00     -1.00     -1.00       0  kworker/R-ext4-
19:00:45       81       650     -1.00     -1.00     -1.00       0  ubusd
19:00:45        0       668     -1.00     -1.00     -1.00       0  askfirst
19:00:45        0       737     -1.00     -1.00     -1.00       0  urngd
19:00:45        0       873     -1.00     -1.00     -1.00       0  kworker/R-md
19:00:45        0       874     -1.00     -1.00     -1.00       0  kworker/R-md_bi
19:00:45        0       910     -1.00     -1.00     -1.00       0  kworker/R-xfsal
19:00:45        0       913     -1.00     -1.00     -1.00       0  kworker/R-xfs_m
19:00:45        0      1248     -1.00     -1.00     -1.00       0  jbd2/sda2-8
19:00:45        0      1250     -1.00     -1.00     -1.00       0  kworker/R-ext4-
19:00:45        0      1278     -1.00     -1.00     -1.00       0  jbd2/sda3-8
19:00:45        0      1279     -1.00     -1.00     -1.00       0  kworker/R-ext4-
19:00:45        0      1304     -1.00     -1.00     -1.00       0  jbd2/sdb1-8
19:00:45        0      1305     -1.00     -1.00     -1.00       0  kworker/R-ext4-
19:00:45      514      1349     -1.00     -1.00     -1.00       0  logd
19:00:45        0      1418     -1.00     -1.00     -1.00       0  rpcd
19:00:45        0      1627     -1.00     -1.00     -1.00       0  dnsmasq
19:00:45      453      1649     -1.00     -1.00     -1.00       0  dnsmasq
19:00:45        0      1752     -1.00     -1.00     -1.00       0  dropbear
19:00:45        0      1870     -1.00     -1.00     -1.00       0  netifd
19:00:45        0      1984     -1.00     -1.00     -1.00       0  odhcpd
19:00:45        0      2069     -1.00     -1.00     -1.00       0  crond
19:00:45        0      2153     -1.00     -1.00     -1.00       0  lighttpd
19:00:45        0      2286     -1.00     -1.00     -1.00       0  uhttpd
19:00:45        0      2325     -1.00     -1.00     -1.00       0  vsftpd
19:00:45        0      2398     -1.00     -1.00     -1.00       0  dbus-daemon
19:00:45    65534      2473     -1.00     -1.00     -1.00       0  avahi-daemon
19:00:45        0      2546     -1.00     -1.00     -1.00       0  blockd
19:00:45        0      3303     -1.00     -1.00     -1.00       0  ksmbd.mountd
19:00:45        0      3308     -1.00     -1.00     -1.00       0  ksmbd.mountd
19:00:45        0      3313     -1.00     -1.00     -1.00       0  ksmbd-br-lan
19:00:45        0      3425     -1.00     -1.00     -1.00       0  ntpd
19:00:45      123      3436     -1.00     -1.00     -1.00       0  ntpd
19:00:45        0      3469     -1.00     -1.00     -1.00       0  hdd-spindown-wo
19:00:45        0      3520     -1.00     -1.00     -1.00       0  ttyd
19:00:45        0      3568     -1.00     -1.00     -1.00       0  ubihealthd
19:00:45        0      3687     -1.00     -1.00     -1.00       0  dropbear
19:00:45        0      3688     -1.00     -1.00     -1.00       0  dropbear
19:00:45        0      3689     -1.00     -1.00     -1.00       0  ash
19:00:45        0      3695     -1.00     -1.00     -1.00       0  ash
19:00:45        0      3699     -1.00     -1.00     -1.00       0  sftp-server
19:00:45        0      4196     -1.00     -1.00     -1.00       0  odhcp6c
19:00:45        0      4236     -1.00     -1.00     -1.00       0  vsftpd
19:00:45        0      4239     -1.00     -1.00     -1.00       0  vsftpd
19:00:45        0      4325     -1.00     -1.00     -1.00       0  vsftpd
19:00:45        0      4328     -1.00     -1.00     -1.00       0  vsftpd
19:00:45        0      4967     -1.00     -1.00     -1.00       0  kworker/0:1
19:00:45        0      5182     -1.00     -1.00     -1.00       0  sleep
19:00:45        0      5191     -1.00     -1.00     -1.00       0  pidstat
19:00:45        0      5218     -1.00     -1.00     -1.00       0  kworker/u2:0-writeback
19:00:45        0      5253     -1.00     -1.00     -1.00       0  sleep

19:00:45      UID       PID    %usr %system  %guest   %wait    %CPU   CPU  Command
19:00:46        0         1    0.00    0.00    0.00    0.00    0.00     0  procd
19:00:46        0         2    0.00    0.00    0.00    0.00    0.00     0  kthreadd
19:00:46        0         3    0.00    0.00    0.00    0.00    0.00     0  pool_workqueue_release
19:00:46        0         4    0.00    0.00    0.00    0.00    0.00     0  kworker/R-slub_
19:00:46        0         5    0.00    0.00    0.00    0.00    0.00     0  kworker/R-netns
19:00:46        0         6    0.00    0.00    0.00    0.00    0.00     0  kworker/0:0-events_power_efficient
19:00:46        0         7    0.00    0.00    0.00    0.00    0.00     0  kworker/0:0H-kblockd
19:00:46        0         9    0.00    0.00    0.00    0.00    0.00     0  kworker/R-mm_pe
19:00:46        0        10    0.00    0.00    0.00    0.00    0.00     0  rcu_tasks_trace_kthread
19:00:46        0        11    0.00    0.98    0.00    0.00    0.98     0  ksoftirqd/0
19:00:46        0        12    0.00    0.00    0.00    0.00    0.00     0  kworker/R-inet_
19:00:46        0        13    0.00    0.00    0.00    0.00    0.00     0  oom_reaper
19:00:46        0        14    0.00    0.00    0.00    0.00    0.00     0  kworker/R-write
19:00:46        0        15    0.00    0.00    0.00    0.00    0.00     0  kcompactd0
19:00:46        0        16    0.00    0.00    0.00    0.00    0.00     0  kworker/R-kbloc
19:00:46        0        17    0.00    0.00    0.00    0.00    0.00     0  kworker/R-blkcg
19:00:46        0        18    0.00    0.00    0.00    0.00    0.00     0  kworker/R-ata_s
19:00:46        0        20    0.00    0.00    0.00    0.00    0.00     0  watchdogd
19:00:46        0        26    0.00    0.98    0.00    0.00    0.98     0  kswapd0
19:00:46        0        29    0.00    0.00    0.00    0.00    0.00     0  kworker/R-kthro
19:00:46        0       141    0.00    0.00    0.00    0.00    0.00     0  kworker/u2:2-ext4-rsv-conversion
19:00:46        0       160    0.00    0.00    0.00    0.00    0.00     0  kworker/u2:3-events_unbound
19:00:46        0       209    0.00    0.00    0.00    0.00    0.00     0  irq/31-f1030000.crypto
19:00:46        0       233    0.00    0.00    0.00    0.00    0.00     0  kworker/R-mld
19:00:46        0       237    0.00    0.00    0.00    0.00    0.00     0  kworker/R-ipv6_
19:00:46        0       238    0.00    0.00    0.00    0.00    0.00     0  kworker/R-dsa_o
19:00:46        0       239    0.00    0.00    0.00    0.00    0.00     0  kworker/R-kstrp
19:00:46        0       342    0.00    0.00    0.00    0.00    0.00     0  kworker/u2:4-ext4-rsv-conversion
19:00:46        0       343    0.00    0.00    0.00    0.00    0.00     0  kworker/0:5-events_power_efficient
19:00:46        0       356    0.00    0.00    0.00    0.00    0.00     0  ubi_bgt0d
19:00:46        0       361    0.00    0.00    0.00    0.00    0.00     0  kworker/0:1H
19:00:46        0       366    0.00    0.00    0.00    0.00    0.00     0  irq/32-gpio_keys
19:00:46        0       367    0.00    0.00    0.00    0.00    0.00     0  irq/33-gpio_keys
19:00:46        0       396    0.00    0.00    0.00    0.00    0.00     0  scsi_eh_0
19:00:46        0       397    0.00    0.00    0.00    0.00    0.00     0  kworker/R-scsi_
19:00:46        0       401    0.00    0.00    0.00    0.00    0.00     0  scsi_eh_1
19:00:46        0       402    0.00    0.00    0.00    0.00    0.00     0  kworker/R-scsi_
19:00:46        0       548    0.00    0.00    0.00    0.00    0.00     0  jbd2/sda1-8
19:00:46        0       549    0.00    0.00    0.00    0.00    0.00     0  kworker/R-ext4-
19:00:46       81       650    0.00    0.00    0.00    0.00    0.00     0  ubusd
19:00:46        0       668    0.00    0.00    0.00    0.00    0.00     0  askfirst
19:00:46        0       737    0.00    0.00    0.00    0.00    0.00     0  urngd
19:00:46        0       873    0.00    0.00    0.00    0.00    0.00     0  kworker/R-md
19:00:46        0       874    0.00    0.00    0.00    0.00    0.00     0  kworker/R-md_bi
19:00:46        0       910    0.00    0.00    0.00    0.00    0.00     0  kworker/R-xfsal
19:00:46        0       913    0.00    0.00    0.00    0.00    0.00     0  kworker/R-xfs_m
19:00:46        0      1248    0.00    0.00    0.00    0.00    0.00     0  jbd2/sda2-8
19:00:46        0      1250    0.00    0.00    0.00    0.00    0.00     0  kworker/R-ext4-
19:00:46        0      1278    0.00    0.00    0.00    0.00    0.00     0  jbd2/sda3-8
19:00:46        0      1279    0.00    0.00    0.00    0.00    0.00     0  kworker/R-ext4-
19:00:46        0      1304    0.00    0.00    0.00    0.00    0.00     0  jbd2/sdb1-8
19:00:46        0      1305    0.00    0.00    0.00    0.00    0.00     0  kworker/R-ext4-
19:00:46      514      1349    0.00    0.00    0.00    0.00    0.00     0  logd
19:00:46        0      1418    0.00    0.00    0.00    0.00    0.00     0  rpcd
19:00:46        0      1627    0.00    0.00    0.00    0.00    0.00     0  dnsmasq
19:00:46      453      1649    0.00    0.00    0.00    0.00    0.00     0  dnsmasq
19:00:46        0      1752    0.00    0.00    0.00    0.00    0.00     0  dropbear
19:00:46        0      1870    0.00    0.00    0.00    0.00    0.00     0  netifd
19:00:46        0      1984    0.00    0.00    0.00    0.00    0.00     0  odhcpd
19:00:46        0      2069    0.00    0.00    0.00    0.00    0.00     0  crond
19:00:46        0      2153    0.00    0.00    0.00    0.00    0.00     0  lighttpd
19:00:46        0      2286    0.00    0.00    0.00    0.00    0.00     0  uhttpd
19:00:46        0      2325    0.00    0.00    0.00    0.00    0.00     0  vsftpd
19:00:46        0      2398    0.00    0.00    0.00    0.00    0.00     0  dbus-daemon
19:00:46    65534      2473    0.00    0.00    0.00    0.00    0.00     0  avahi-daemon
19:00:46        0      2546    0.00    0.00    0.00    0.00    0.00     0  blockd
19:00:46        0      3303    0.00    0.00    0.00    0.00    0.00     0  ksmbd.mountd
19:00:46        0      3308    0.00    0.00    0.00    0.00    0.00     0  ksmbd.mountd
19:00:46        0      3313    0.00    0.00    0.00    0.00    0.00     0  ksmbd-br-lan
19:00:46        0      3425    0.00    0.00    0.00    0.00    0.00     0  ntpd
19:00:46      123      3436    0.00    0.00    0.00    0.00    0.00     0  ntpd
19:00:46        0      3469    0.00    0.00    0.00    0.00    0.00     0  hdd-spindown-wo
19:00:46        0      3520    0.00    0.00    0.00    0.00    0.00     0  ttyd
19:00:46        0      3568    0.00    0.00    0.00    0.00    0.00     0  ubihealthd
19:00:46        0      3687    1.96    5.88    0.00    0.00    7.84     0  dropbear
19:00:46        0      3688    0.00    0.00    0.00    0.00    0.00     0  dropbear
19:00:46        0      3689    0.00    0.00    0.00    0.00    0.00     0  ash
19:00:46        0      3695    0.00    0.00    0.00    0.00    0.00     0  ash
19:00:46        0      3699    0.00    0.00    0.00    0.00    0.00     0  sftp-server
19:00:46        0      4196    0.00    0.00    0.00    0.00    0.00     0  odhcp6c
19:00:46        0      4236    0.00    0.00    0.00    0.00    0.00     0  vsftpd
19:00:46        0      4239    0.00    0.00    0.00    0.00    0.00     0  vsftpd
19:00:46        0      4325    0.00    0.00    0.00    0.00    0.00     0  vsftpd
19:00:46        0      4328    0.98   33.33    0.00    0.00   34.31     0  vsftpd
19:00:46        0      4967    0.00    0.00    0.00    0.00    0.00     0  kworker/0:1
19:00:46        0      5182    0.00    0.00    0.00    0.00    0.00     0  sleep
19:00:46        0      5191    0.98   10.78    0.00    0.00   11.76     0  pidstat
19:00:46        0      5218    0.00    2.94    0.00    0.00    2.94     0  kworker/u2:0-flush-8:16
19:00:46        0      5258    0.00    0.00    0.00    0.00    0.00     0  sleep

19:00:45      UID       PID   kB_rd/s   kB_wr/s kB_ccwr/s iodelay  Command
19:00:46        0         1     -1.00     -1.00     -1.00       0  procd
19:00:46        0         2     -1.00     -1.00     -1.00       0  kthreadd
19:00:46        0         3     -1.00     -1.00     -1.00       0  pool_workqueue_release
19:00:46        0         4     -1.00     -1.00     -1.00       0  kworker/R-slub_
19:00:46        0         5     -1.00     -1.00     -1.00       0  kworker/R-netns
19:00:46        0         6     -1.00     -1.00     -1.00       0  kworker/0:0-events_power_efficient
19:00:46        0         7     -1.00     -1.00     -1.00       0  kworker/0:0H-kblockd
19:00:46        0         9     -1.00     -1.00     -1.00       0  kworker/R-mm_pe
19:00:46        0        10     -1.00     -1.00     -1.00       0  rcu_tasks_trace_kthread
19:00:46        0        11     -1.00     -1.00     -1.00       0  ksoftirqd/0
19:00:46        0        12     -1.00     -1.00     -1.00       0  kworker/R-inet_
19:00:46        0        13     -1.00     -1.00     -1.00       0  oom_reaper
19:00:46        0        14     -1.00     -1.00     -1.00       0  kworker/R-write
19:00:46        0        15     -1.00     -1.00     -1.00       0  kcompactd0
19:00:46        0        16     -1.00     -1.00     -1.00       0  kworker/R-kbloc
19:00:46        0        17     -1.00     -1.00     -1.00       0  kworker/R-blkcg
19:00:46        0        18     -1.00     -1.00     -1.00       0  kworker/R-ata_s
19:00:46        0        20     -1.00     -1.00     -1.00       0  watchdogd
19:00:46        0        26     -1.00     -1.00     -1.00       0  kswapd0
19:00:46        0        29     -1.00     -1.00     -1.00       0  kworker/R-kthro
19:00:46        0       141     -1.00     -1.00     -1.00       0  kworker/u2:2-ext4-rsv-conversion
19:00:46        0       160     -1.00     -1.00     -1.00       0  kworker/u2:3-events_unbound
19:00:46        0       209     -1.00     -1.00     -1.00       0  irq/31-f1030000.crypto
19:00:46        0       233     -1.00     -1.00     -1.00       0  kworker/R-mld
19:00:46        0       237     -1.00     -1.00     -1.00       0  kworker/R-ipv6_
19:00:46        0       238     -1.00     -1.00     -1.00       0  kworker/R-dsa_o
19:00:46        0       239     -1.00     -1.00     -1.00       0  kworker/R-kstrp
19:00:46        0       342     -1.00     -1.00     -1.00       0  kworker/u2:4-ext4-rsv-conversion
19:00:46        0       343     -1.00     -1.00     -1.00       0  kworker/0:5-events_power_efficient
19:00:46        0       356     -1.00     -1.00     -1.00       0  ubi_bgt0d
19:00:46        0       361     -1.00     -1.00     -1.00       0  kworker/0:1H
19:00:46        0       366     -1.00     -1.00     -1.00       0  irq/32-gpio_keys
19:00:46        0       367     -1.00     -1.00     -1.00       0  irq/33-gpio_keys
19:00:46        0       396     -1.00     -1.00     -1.00       0  scsi_eh_0
19:00:46        0       397     -1.00     -1.00     -1.00       0  kworker/R-scsi_
19:00:46        0       401     -1.00     -1.00     -1.00       0  scsi_eh_1
19:00:46        0       402     -1.00     -1.00     -1.00       0  kworker/R-scsi_
19:00:46        0       548     -1.00     -1.00     -1.00       0  jbd2/sda1-8
19:00:46        0       549     -1.00     -1.00     -1.00       0  kworker/R-ext4-
19:00:46       81       650     -1.00     -1.00     -1.00       0  ubusd
19:00:46        0       668     -1.00     -1.00     -1.00       0  askfirst
19:00:46        0       737     -1.00     -1.00     -1.00       0  urngd
19:00:46        0       873     -1.00     -1.00     -1.00       0  kworker/R-md
19:00:46        0       874     -1.00     -1.00     -1.00       0  kworker/R-md_bi
19:00:46        0       910     -1.00     -1.00     -1.00       0  kworker/R-xfsal
19:00:46        0       913     -1.00     -1.00     -1.00       0  kworker/R-xfs_m
19:00:46        0      1248     -1.00     -1.00     -1.00       0  jbd2/sda2-8
19:00:46        0      1250     -1.00     -1.00     -1.00       0  kworker/R-ext4-
19:00:46        0      1278     -1.00     -1.00     -1.00       0  jbd2/sda3-8
19:00:46        0      1279     -1.00     -1.00     -1.00       0  kworker/R-ext4-
19:00:46        0      1304     -1.00     -1.00     -1.00       0  jbd2/sdb1-8
19:00:46        0      1305     -1.00     -1.00     -1.00       0  kworker/R-ext4-
19:00:46      514      1349     -1.00     -1.00     -1.00       0  logd
19:00:46        0      1418     -1.00     -1.00     -1.00       0  rpcd
19:00:46        0      1627     -1.00     -1.00     -1.00       0  dnsmasq
19:00:46      453      1649     -1.00     -1.00     -1.00       0  dnsmasq
19:00:46        0      1752     -1.00     -1.00     -1.00       0  dropbear
19:00:46        0      1870     -1.00     -1.00     -1.00       0  netifd
19:00:46        0      1984     -1.00     -1.00     -1.00       0  odhcpd
19:00:46        0      2069     -1.00     -1.00     -1.00       0  crond
19:00:46        0      2153     -1.00     -1.00     -1.00       0  lighttpd
19:00:46        0      2286     -1.00     -1.00     -1.00       0  uhttpd
19:00:46        0      2325     -1.00     -1.00     -1.00       0  vsftpd
19:00:46        0      2398     -1.00     -1.00     -1.00       0  dbus-daemon
19:00:46    65534      2473     -1.00     -1.00     -1.00       0  avahi-daemon
19:00:46        0      2546     -1.00     -1.00     -1.00       0  blockd
19:00:46        0      3303     -1.00     -1.00     -1.00       0  ksmbd.mountd
19:00:46        0      3308     -1.00     -1.00     -1.00       0  ksmbd.mountd
19:00:46        0      3313     -1.00     -1.00     -1.00       0  ksmbd-br-lan
19:00:46        0      3425     -1.00     -1.00     -1.00       0  ntpd
19:00:46      123      3436     -1.00     -1.00     -1.00       0  ntpd
19:00:46        0      3469     -1.00     -1.00     -1.00       0  hdd-spindown-wo
19:00:46        0      3520     -1.00     -1.00     -1.00       0  ttyd
19:00:46        0      3568     -1.00     -1.00     -1.00       0  ubihealthd
19:00:46        0      3687     -1.00     -1.00     -1.00       0  dropbear
19:00:46        0      3688     -1.00     -1.00     -1.00       0  dropbear
19:00:46        0      3689     -1.00     -1.00     -1.00       0  ash
19:00:46        0      3695     -1.00     -1.00     -1.00       0  ash
19:00:46        0      3699     -1.00     -1.00     -1.00       0  sftp-server
19:00:46        0      4196     -1.00     -1.00     -1.00       0  odhcp6c
19:00:46        0      4236     -1.00     -1.00     -1.00       0  vsftpd
19:00:46        0      4239     -1.00     -1.00     -1.00       0  vsftpd
19:00:46        0      4325     -1.00     -1.00     -1.00       0  vsftpd
19:00:46        0      4328     -1.00     -1.00     -1.00       0  vsftpd
19:00:46        0      4967     -1.00     -1.00     -1.00       0  kworker/0:1
19:00:46        0      5182     -1.00     -1.00     -1.00       0  sleep
19:00:46        0      5191     -1.00     -1.00     -1.00       0  pidstat
19:00:46        0      5218     -1.00     -1.00     -1.00       0  kworker/u2:0-flush-8:16
19:00:46        0      5258     -1.00     -1.00     -1.00       0  sleep

19:00:46      UID       PID    %usr %system  %guest   %wait    %CPU   CPU  Command
19:00:47        0         1    0.00    0.00    0.00    0.00    0.00     0  procd
19:00:47        0         2    0.00    0.00    0.00    0.00    0.00     0  kthreadd
19:00:47        0         3    0.00    0.00    0.00    0.00    0.00     0  pool_workqueue_release
19:00:47        0         4    0.00    0.00    0.00    0.00    0.00     0  kworker/R-slub_
19:00:47        0         5    0.00    0.00    0.00    0.00    0.00     0  kworker/R-netns
19:00:47        0         6    0.00    0.00    0.00    0.00    0.00     0  kworker/0:0-events_power_efficient
19:00:47        0         7    0.00    0.00    0.00    0.00    0.00     0  kworker/0:0H-kblockd
19:00:47        0         9    0.00    0.00    0.00    0.00    0.00     0  kworker/R-mm_pe
19:00:47        0        10    0.00    0.00    0.00    0.00    0.00     0  rcu_tasks_trace_kthread
19:00:47        0        11    0.00    0.00    0.00    0.00    0.00     0  ksoftirqd/0
19:00:47        0        12    0.00    0.00    0.00    0.00    0.00     0  kworker/R-inet_
19:00:47        0        13    0.00    0.00    0.00    0.00    0.00     0  oom_reaper
19:00:47        0        14    0.00    0.00    0.00    0.00    0.00     0  kworker/R-write
19:00:47        0        15    0.00    0.00    0.00    0.00    0.00     0  kcompactd0
19:00:47        0        16    0.00    0.00    0.00    0.00    0.00     0  kworker/R-kbloc
19:00:47        0        17    0.00    0.00    0.00    0.00    0.00     0  kworker/R-blkcg
19:00:47        0        18    0.00    0.00    0.00    0.00    0.00     0  kworker/R-ata_s
19:00:47        0        20    0.00    0.00    0.00    0.00    0.00     0  watchdogd
19:00:47        0        26    0.00    1.01    0.00    0.00    1.01     0  kswapd0
19:00:47        0        29    0.00    0.00    0.00    0.00    0.00     0  kworker/R-kthro
19:00:47        0       141    0.00    0.00    0.00    0.00    0.00     0  kworker/u2:2-ext4-rsv-conversion
19:00:47        0       160    0.00    3.03    0.00    0.00    3.03     0  kworker/u2:3-writeback
19:00:47        0       209    0.00    0.00    0.00    0.00    0.00     0  irq/31-f1030000.crypto
19:00:47        0       233    0.00    0.00    0.00    0.00    0.00     0  kworker/R-mld
19:00:47        0       237    0.00    0.00    0.00    0.00    0.00     0  kworker/R-ipv6_
19:00:47        0       238    0.00    0.00    0.00    0.00    0.00     0  kworker/R-dsa_o
19:00:47        0       239    0.00    0.00    0.00    0.00    0.00     0  kworker/R-kstrp
19:00:47        0       342    0.00    0.00    0.00    0.00    0.00     0  kworker/u2:4-ext4-rsv-conversion
19:00:47        0       343    0.00    0.00    0.00    0.00    0.00     0  kworker/0:5-events_power_efficient
19:00:47        0       356    0.00    0.00    0.00    0.00    0.00     0  ubi_bgt0d
19:00:47        0       361    0.00    0.00    0.00    0.00    0.00     0  kworker/0:1H
19:00:47        0       366    0.00    0.00    0.00    0.00    0.00     0  irq/32-gpio_keys
19:00:47        0       367    0.00    0.00    0.00    0.00    0.00     0  irq/33-gpio_keys
19:00:47        0       396    0.00    0.00    0.00    0.00    0.00     0  scsi_eh_0
19:00:47        0       397    0.00    0.00    0.00    0.00    0.00     0  kworker/R-scsi_
19:00:47        0       401    0.00    0.00    0.00    0.00    0.00     0  scsi_eh_1
19:00:47        0       402    0.00    0.00    0.00    0.00    0.00     0  kworker/R-scsi_
19:00:47        0       548    0.00    0.00    0.00    0.00    0.00     0  jbd2/sda1-8
19:00:47        0       549    0.00    0.00    0.00    0.00    0.00     0  kworker/R-ext4-
19:00:47       81       650    0.00    0.00    0.00    0.00    0.00     0  ubusd
19:00:47        0       668    0.00    0.00    0.00    0.00    0.00     0  askfirst
19:00:47        0       737    0.00    0.00    0.00    0.00    0.00     0  urngd
19:00:47        0       873    0.00    0.00    0.00    0.00    0.00     0  kworker/R-md
19:00:47        0       874    0.00    0.00    0.00    0.00    0.00     0  kworker/R-md_bi
19:00:47        0       910    0.00    0.00    0.00    0.00    0.00     0  kworker/R-xfsal
19:00:47        0       913    0.00    0.00    0.00    0.00    0.00     0  kworker/R-xfs_m
19:00:47        0      1248    0.00    0.00    0.00    0.00    0.00     0  jbd2/sda2-8
19:00:47        0      1250    0.00    0.00    0.00    0.00    0.00     0  kworker/R-ext4-
19:00:47        0      1278    0.00    0.00    0.00    0.00    0.00     0  jbd2/sda3-8
19:00:47        0      1279    0.00    0.00    0.00    0.00    0.00     0  kworker/R-ext4-
19:00:47        0      1304    0.00    0.00    0.00    0.00    0.00     0  jbd2/sdb1-8
19:00:47        0      1305    0.00    0.00    0.00    0.00    0.00     0  kworker/R-ext4-
19:00:47      514      1349    0.00    0.00    0.00    0.00    0.00     0  logd
19:00:47        0      1418    0.00    0.00    0.00    0.00    0.00     0  rpcd
19:00:47        0      1627    0.00    0.00    0.00    0.00    0.00     0  dnsmasq
19:00:47      453      1649    0.00    0.00    0.00    0.00    0.00     0  dnsmasq
19:00:47        0      1752    0.00    0.00    0.00    0.00    0.00     0  dropbear
19:00:47        0      1870    0.00    0.00    0.00    0.00    0.00     0  netifd
19:00:47        0      1984    0.00    0.00    0.00    0.00    0.00     0  odhcpd
19:00:47        0      2069    0.00    0.00    0.00    0.00    0.00     0  crond
19:00:47        0      2153    0.00    0.00    0.00    0.00    0.00     0  lighttpd
19:00:47        0      2286    0.00    0.00    0.00    0.00    0.00     0  uhttpd
19:00:47        0      2325    0.00    0.00    0.00    0.00    0.00     0  vsftpd
19:00:47        0      2398    0.00    0.00    0.00    0.00    0.00     0  dbus-daemon
19:00:47    65534      2473    0.00    0.00    0.00    0.00    0.00     0  avahi-daemon
19:00:47        0      2546    0.00    0.00    0.00    0.00    0.00     0  blockd
19:00:47        0      3303    0.00    0.00    0.00    0.00    0.00     0  ksmbd.mountd
19:00:47        0      3308    0.00    0.00    0.00    0.00    0.00     0  ksmbd.mountd
19:00:47        0      3313    0.00    0.00    0.00    0.00    0.00     0  ksmbd-br-lan
19:00:47        0      3425    0.00    0.00    0.00    0.00    0.00     0  ntpd
19:00:47      123      3436    0.00    0.00    0.00    0.00    0.00     0  ntpd
19:00:47        0      3469    0.00    0.00    0.00    0.00    0.00     0  hdd-spindown-wo
19:00:47        0      3520    0.00    0.00    0.00    0.00    0.00     0  ttyd
19:00:47        0      3568    0.00    0.00    0.00    0.00    0.00     0  ubihealthd
19:00:47        0      3687    4.04    3.03    0.00    0.00    7.07     0  dropbear
19:00:47        0      3688    0.00    0.00    0.00    0.00    0.00     0  dropbear
19:00:47        0      3689    0.00    0.00    0.00    0.00    0.00     0  ash
19:00:47        0      3695    0.00    1.01    0.00    0.00    1.01     0  ash
19:00:47        0      3699    0.00    0.00    0.00    0.00    0.00     0  sftp-server
19:00:47        0      4196    0.00    0.00    0.00    0.00    0.00     0  odhcp6c
19:00:47        0      4236    0.00    0.00    0.00    0.00    0.00     0  vsftpd
19:00:47        0      4239    0.00    0.00    0.00    0.00    0.00     0  vsftpd
19:00:47        0      4325    0.00    0.00    0.00    0.00    0.00     0  vsftpd
19:00:47        0      4328    2.02   32.32    0.00    0.00   34.34     0  vsftpd
19:00:47        0      4967    0.00    0.00    0.00    0.00    0.00     0  kworker/0:1
19:00:47        0      5182    0.00    0.00    0.00    0.00    0.00     0  sleep
19:00:47        0      5191    4.04    8.08    0.00    0.00   12.12     0  pidstat
19:00:47        0      5218    0.00    0.00    0.00    0.00    0.00     0  kworker/u2:0-flush-8:16

19:00:46      UID       PID   kB_rd/s   kB_wr/s kB_ccwr/s iodelay  Command
19:00:47        0         1     -1.00     -1.00     -1.00       0  procd
19:00:47        0         2     -1.00     -1.00     -1.00       0  kthreadd
19:00:47        0         3     -1.00     -1.00     -1.00       0  pool_workqueue_release
19:00:47        0         4     -1.00     -1.00     -1.00       0  kworker/R-slub_
19:00:47        0         5     -1.00     -1.00     -1.00       0  kworker/R-netns
19:00:47        0         6     -1.00     -1.00     -1.00       0  kworker/0:0-events_power_efficient
19:00:47        0         7     -1.00     -1.00     -1.00       0  kworker/0:0H-kblockd
19:00:47        0         9     -1.00     -1.00     -1.00       0  kworker/R-mm_pe
19:00:47        0        10     -1.00     -1.00     -1.00       0  rcu_tasks_trace_kthread
19:00:47        0        11     -1.00     -1.00     -1.00       0  ksoftirqd/0
19:00:47        0        12     -1.00     -1.00     -1.00       0  kworker/R-inet_
19:00:47        0        13     -1.00     -1.00     -1.00       0  oom_reaper
19:00:47        0        14     -1.00     -1.00     -1.00       0  kworker/R-write
19:00:47        0        15     -1.00     -1.00     -1.00       0  kcompactd0
19:00:47        0        16     -1.00     -1.00     -1.00       0  kworker/R-kbloc
19:00:47        0        17     -1.00     -1.00     -1.00       0  kworker/R-blkcg
19:00:47        0        18     -1.00     -1.00     -1.00       0  kworker/R-ata_s
19:00:47        0        20     -1.00     -1.00     -1.00       0  watchdogd
19:00:47        0        26     -1.00     -1.00     -1.00       0  kswapd0
19:00:47        0        29     -1.00     -1.00     -1.00       0  kworker/R-kthro
19:00:47        0       141     -1.00     -1.00     -1.00       0  kworker/u2:2-ext4-rsv-conversion
19:00:47        0       160     -1.00     -1.00     -1.00       0  kworker/u2:3-writeback
19:00:47        0       209     -1.00     -1.00     -1.00       0  irq/31-f1030000.crypto
19:00:47        0       233     -1.00     -1.00     -1.00       0  kworker/R-mld
19:00:47        0       237     -1.00     -1.00     -1.00       0  kworker/R-ipv6_
19:00:47        0       238     -1.00     -1.00     -1.00       0  kworker/R-dsa_o
19:00:47        0       239     -1.00     -1.00     -1.00       0  kworker/R-kstrp
19:00:47        0       342     -1.00     -1.00     -1.00       0  kworker/u2:4-ext4-rsv-conversion
19:00:47        0       343     -1.00     -1.00     -1.00       0  kworker/0:5-events_power_efficient
19:00:47        0       356     -1.00     -1.00     -1.00       0  ubi_bgt0d
19:00:47        0       361     -1.00     -1.00     -1.00       0  kworker/0:1H
19:00:47        0       366     -1.00     -1.00     -1.00       0  irq/32-gpio_keys
19:00:47        0       367     -1.00     -1.00     -1.00       0  irq/33-gpio_keys
19:00:47        0       396     -1.00     -1.00     -1.00       0  scsi_eh_0
19:00:47        0       397     -1.00     -1.00     -1.00       0  kworker/R-scsi_
19:00:47        0       401     -1.00     -1.00     -1.00       0  scsi_eh_1
19:00:47        0       402     -1.00     -1.00     -1.00       0  kworker/R-scsi_
19:00:47        0       548     -1.00     -1.00     -1.00       0  jbd2/sda1-8
19:00:47        0       549     -1.00     -1.00     -1.00       0  kworker/R-ext4-
19:00:47       81       650     -1.00     -1.00     -1.00       0  ubusd
19:00:47        0       668     -1.00     -1.00     -1.00       0  askfirst
19:00:47        0       737     -1.00     -1.00     -1.00       0  urngd
19:00:47        0       873     -1.00     -1.00     -1.00       0  kworker/R-md
19:00:47        0       874     -1.00     -1.00     -1.00       0  kworker/R-md_bi
19:00:47        0       910     -1.00     -1.00     -1.00       0  kworker/R-xfsal
19:00:47        0       913     -1.00     -1.00     -1.00       0  kworker/R-xfs_m
19:00:47        0      1248     -1.00     -1.00     -1.00       0  jbd2/sda2-8
19:00:47        0      1250     -1.00     -1.00     -1.00       0  kworker/R-ext4-
19:00:47        0      1278     -1.00     -1.00     -1.00       0  jbd2/sda3-8
19:00:47        0      1279     -1.00     -1.00     -1.00       0  kworker/R-ext4-
19:00:47        0      1304     -1.00     -1.00     -1.00       0  jbd2/sdb1-8
19:00:47        0      1305     -1.00     -1.00     -1.00       0  kworker/R-ext4-
19:00:47      514      1349     -1.00     -1.00     -1.00       0  logd
19:00:47        0      1418     -1.00     -1.00     -1.00       0  rpcd
19:00:47        0      1627     -1.00     -1.00     -1.00       0  dnsmasq
19:00:47      453      1649     -1.00     -1.00     -1.00       0  dnsmasq
19:00:47        0      1752     -1.00     -1.00     -1.00       0  dropbear
19:00:47        0      1870     -1.00     -1.00     -1.00       0  netifd
19:00:47        0      1984     -1.00     -1.00     -1.00       0  odhcpd
19:00:47        0      2069     -1.00     -1.00     -1.00       0  crond
19:00:47        0      2153     -1.00     -1.00     -1.00       0  lighttpd
19:00:47        0      2286     -1.00     -1.00     -1.00       0  uhttpd
19:00:47        0      2325     -1.00     -1.00     -1.00       0  vsftpd
19:00:47        0      2398     -1.00     -1.00     -1.00       0  dbus-daemon
19:00:47    65534      2473     -1.00     -1.00     -1.00       0  avahi-daemon
19:00:47        0      2546     -1.00     -1.00     -1.00       0  blockd
19:00:47        0      3303     -1.00     -1.00     -1.00       0  ksmbd.mountd
19:00:47        0      3308     -1.00     -1.00     -1.00       0  ksmbd.mountd
19:00:47        0      3313     -1.00     -1.00     -1.00       0  ksmbd-br-lan
19:00:47        0      3425     -1.00     -1.00     -1.00       0  ntpd
19:00:47      123      3436     -1.00     -1.00     -1.00       0  ntpd
19:00:47        0      3469     -1.00     -1.00     -1.00       0  hdd-spindown-wo
19:00:47        0      3520     -1.00     -1.00     -1.00       0  ttyd
19:00:47        0      3568     -1.00     -1.00     -1.00       0  ubihealthd
19:00:47        0      3687     -1.00     -1.00     -1.00       0  dropbear
19:00:47        0      3688     -1.00     -1.00     -1.00       0  dropbear
19:00:47        0      3689     -1.00     -1.00     -1.00       0  ash
19:00:47        0      3695     -1.00     -1.00     -1.00       0  ash
19:00:47        0      3699     -1.00     -1.00     -1.00       0  sftp-server
19:00:47        0      4196     -1.00     -1.00     -1.00       0  odhcp6c
19:00:47        0      4236     -1.00     -1.00     -1.00       0  vsftpd
19:00:47        0      4239     -1.00     -1.00     -1.00       0  vsftpd
19:00:47        0      4325     -1.00     -1.00     -1.00       0  vsftpd
19:00:47        0      4328     -1.00     -1.00     -1.00       0  vsftpd
19:00:47        0      4967     -1.00     -1.00     -1.00       0  kworker/0:1
19:00:47        0      5182     -1.00     -1.00     -1.00       0  sleep
19:00:47        0      5191     -1.00     -1.00     -1.00       0  pidstat
19:00:47        0      5218     -1.00     -1.00     -1.00       0  kworker/u2:0-flush-8:16

Average:      UID       PID    %usr %system  %guest   %wait    %CPU   CPU  Command
Average:        0         1    0.00    0.07    0.00    0.00    0.07     -  procd
Average:        0         2    0.00    0.00    0.00    0.00    0.00     -  kthreadd
Average:        0         3    0.00    0.00    0.00    0.00    0.00     -  pool_workqueue_release
Average:        0         4    0.00    0.00    0.00    0.00    0.00     -  kworker/R-slub_
Average:        0         5    0.00    0.00    0.00    0.00    0.00     -  kworker/R-netns
Average:        0         6    0.00    0.00    0.00    0.00    0.00     -  kworker/0:0-events_power_efficient
Average:        0         7    0.00    0.00    0.00    0.00    0.00     -  kworker/0:0H-kblockd
Average:        0         9    0.00    0.00    0.00    0.00    0.00     -  kworker/R-mm_pe
Average:        0        10    0.00    0.00    0.00    0.00    0.00     -  rcu_tasks_trace_kthread
Average:        0        11    0.00    0.40    0.00    0.00    0.40     -  ksoftirqd/0
Average:        0        12    0.00    0.00    0.00    0.00    0.00     -  kworker/R-inet_
Average:        0        13    0.00    0.00    0.00    0.00    0.00     -  oom_reaper
Average:        0        14    0.00    0.00    0.00    0.00    0.00     -  kworker/R-write
Average:        0        15    0.07    0.00    0.00    0.00    0.07     -  kcompactd0
Average:        0        16    0.00    0.00    0.00    0.00    0.00     -  kworker/R-kbloc
Average:        0        17    0.00    0.00    0.00    0.00    0.00     -  kworker/R-blkcg
Average:        0        18    0.00    0.00    0.00    0.00    0.00     -  kworker/R-ata_s
Average:        0        20    0.00    0.00    0.00    0.00    0.00     -  watchdogd
Average:        0        26    0.00    1.32    0.00    0.00    1.32     -  kswapd0
Average:        0        29    0.00    0.00    0.00    0.00    0.00     -  kworker/R-kthro
Average:        0       141    0.00    0.07    0.00    0.00    0.07     -  kworker/u2:2-ext4-rsv-conversion
Average:        0       160    0.00    1.58    0.00    0.00    1.58     -  kworker/u2:3-writeback
Average:        0       209    0.00    0.00    0.00    0.00    0.00     -  irq/31-f1030000.crypto
Average:        0       233    0.00    0.00    0.00    0.00    0.00     -  kworker/R-mld
Average:        0       237    0.00    0.00    0.00    0.00    0.00     -  kworker/R-ipv6_
Average:        0       238    0.00    0.00    0.00    0.00    0.00     -  kworker/R-dsa_o
Average:        0       239    0.00    0.00    0.00    0.00    0.00     -  kworker/R-kstrp
Average:        0       342    0.00    0.00    0.00    0.00    0.00     -  kworker/u2:4-ext4-rsv-conversion
Average:        0       343    0.00    0.00    0.00    0.00    0.00     -  kworker/0:5-events_power_efficient
Average:        0       356    0.00    0.00    0.00    0.00    0.00     -  ubi_bgt0d
Average:        0       361    0.00    0.00    0.00    0.00    0.00     -  kworker/0:1H
Average:        0       366    0.00    0.00    0.00    0.00    0.00     -  irq/32-gpio_keys
Average:        0       367    0.00    0.00    0.00    0.00    0.00     -  irq/33-gpio_keys
Average:        0       396    0.00    0.00    0.00    0.00    0.00     -  scsi_eh_0
Average:        0       397    0.00    0.00    0.00    0.00    0.00     -  kworker/R-scsi_
Average:        0       401    0.00    0.00    0.00    0.00    0.00     -  scsi_eh_1
Average:        0       402    0.00    0.00    0.00    0.00    0.00     -  kworker/R-scsi_
Average:        0       548    0.00    0.00    0.00    0.00    0.00     -  jbd2/sda1-8
Average:        0       549    0.00    0.00    0.00    0.00    0.00     -  kworker/R-ext4-
Average:       81       650    0.00    0.00    0.00    0.00    0.00     -  ubusd
Average:        0       668    0.00    0.00    0.00    0.00    0.00     -  askfirst
Average:        0       737    0.00    0.00    0.00    0.00    0.00     -  urngd
Average:        0       873    0.00    0.00    0.00    0.00    0.00     -  kworker/R-md
Average:        0       874    0.00    0.00    0.00    0.00    0.00     -  kworker/R-md_bi
Average:        0       910    0.00    0.00    0.00    0.00    0.00     -  kworker/R-xfsal
Average:        0       913    0.00    0.00    0.00    0.00    0.00     -  kworker/R-xfs_m
Average:        0      1248    0.00    0.00    0.00    0.00    0.00     -  jbd2/sda2-8
Average:        0      1250    0.00    0.00    0.00    0.00    0.00     -  kworker/R-ext4-
Average:        0      1278    0.00    0.00    0.00    0.00    0.00     -  jbd2/sda3-8
Average:        0      1279    0.00    0.00    0.00    0.00    0.00     -  kworker/R-ext4-
Average:        0      1304    0.00    0.07    0.00    0.00    0.07     -  jbd2/sdb1-8
Average:        0      1305    0.00    0.00    0.00    0.00    0.00     -  kworker/R-ext4-
Average:      514      1349    0.07    0.07    0.00    0.00    0.13     -  logd
Average:        0      1418    0.00    0.00    0.00    0.00    0.00     -  rpcd
Average:        0      1627    0.00    0.00    0.00    0.00    0.00     -  dnsmasq
Average:      453      1649    0.00    0.00    0.00    0.00    0.00     -  dnsmasq
Average:        0      1752    0.00    0.00    0.00    0.00    0.00     -  dropbear
Average:        0      1870    0.00    0.07    0.00    0.00    0.07     -  netifd
Average:        0      1984    0.00    0.00    0.00    0.00    0.00     -  odhcpd
Average:        0      2069    0.00    0.00    0.00    0.00    0.00     -  crond
Average:        0      2153    0.00    0.00    0.00    0.00    0.00     -  lighttpd
Average:        0      2286    0.00    0.00    0.00    0.00    0.00     -  uhttpd
Average:        0      2325    0.00    0.00    0.00    0.00    0.00     -  vsftpd
Average:        0      2398    0.00    0.00    0.00    0.00    0.00     -  dbus-daemon
Average:    65534      2473    0.00    0.00    0.00    0.00    0.00     -  avahi-daemon
Average:        0      2546    0.00    0.00    0.00    0.00    0.00     -  blockd
Average:        0      3303    0.00    0.00    0.00    0.00    0.00     -  ksmbd.mountd
Average:        0      3308    0.00    0.00    0.00    0.00    0.00     -  ksmbd.mountd
Average:        0      3313    0.00    0.07    0.00    0.00    0.07     -  ksmbd-br-lan
Average:        0      3425    0.00    0.00    0.00    0.00    0.00     -  ntpd
Average:      123      3436    0.00    0.00    0.00    0.00    0.00     -  ntpd
Average:        0      3469    0.00    0.00    0.00    0.00    0.00     -  hdd-spindown-wo
Average:        0      3520    0.00    0.00    0.00    0.00    0.00     -  ttyd
Average:        0      3568    0.00    0.00    0.00    0.00    0.00     -  ubihealthd
Average:        0      3687    2.44    4.49    0.00    0.00    6.93     -  dropbear
Average:        0      3688    0.00    0.00    0.00    0.00    0.00     -  dropbear
Average:        0      3689    0.00    0.00    0.00    0.00    0.00     -  ash
Average:        0      3695    0.07    0.46    0.00    0.00    0.53     -  ash
Average:        0      3699    0.00    0.00    0.00    0.00    0.00     -  sftp-server
Average:        0      4196    0.00    0.00    0.00    0.00    0.00     -  odhcp6c
Average:        0      4236    0.00    0.00    0.00    0.00    0.00     -  vsftpd
Average:        0      4239    0.00    0.00    0.00    0.00    0.00     -  vsftpd
Average:        0      4325    0.00    0.00    0.00    0.00    0.00     -  vsftpd
Average:        0      4328    2.84   30.30    0.00    0.00   33.14     -  vsftpd
Average:        0      4967    0.00    0.00    0.00    0.00    0.00     -  kworker/0:1
Average:        0      5182    0.00    0.00    0.00    0.00    0.00     -  sleep
Average:        0      5191    2.71    8.51    0.00    0.00   11.22     -  pidstat
Average:        0      5218    0.00    0.99    0.00    0.00    0.99     -  kworker/u2:0-flush-8:16

Average:      UID       PID   kB_rd/s   kB_wr/s kB_ccwr/s iodelay  Command
Average:        0         1     -1.00     -1.00     -1.00       0  procd
Average:        0         2     -1.00     -1.00     -1.00       0  kthreadd
Average:        0         3     -1.00     -1.00     -1.00       0  pool_workqueue_release
Average:        0         4     -1.00     -1.00     -1.00       0  kworker/R-slub_
Average:        0         5     -1.00     -1.00     -1.00       0  kworker/R-netns
Average:        0         6     -1.00     -1.00     -1.00       0  kworker/0:0-events_power_efficient
Average:        0         7     -1.00     -1.00     -1.00       0  kworker/0:0H-kblockd
Average:        0         9     -1.00     -1.00     -1.00       0  kworker/R-mm_pe
Average:        0        10     -1.00     -1.00     -1.00       0  rcu_tasks_trace_kthread
Average:        0        11     -1.00     -1.00     -1.00       0  ksoftirqd/0
Average:        0        12     -1.00     -1.00     -1.00       0  kworker/R-inet_
Average:        0        13     -1.00     -1.00     -1.00       0  oom_reaper
Average:        0        14     -1.00     -1.00     -1.00       0  kworker/R-write
Average:        0        15     -1.00     -1.00     -1.00       0  kcompactd0
Average:        0        16     -1.00     -1.00     -1.00       0  kworker/R-kbloc
Average:        0        17     -1.00     -1.00     -1.00       0  kworker/R-blkcg
Average:        0        18     -1.00     -1.00     -1.00       0  kworker/R-ata_s
Average:        0        20     -1.00     -1.00     -1.00       0  watchdogd
Average:        0        26     -1.00     -1.00     -1.00       0  kswapd0
Average:        0        29     -1.00     -1.00     -1.00       0  kworker/R-kthro
Average:        0       141     -1.00     -1.00     -1.00       0  kworker/u2:2-ext4-rsv-conversion
Average:        0       160     -1.00     -1.00     -1.00       0  kworker/u2:3-writeback
Average:        0       209     -1.00     -1.00     -1.00       0  irq/31-f1030000.crypto
Average:        0       233     -1.00     -1.00     -1.00       0  kworker/R-mld
Average:        0       237     -1.00     -1.00     -1.00       0  kworker/R-ipv6_
Average:        0       238     -1.00     -1.00     -1.00       0  kworker/R-dsa_o
Average:        0       239     -1.00     -1.00     -1.00       0  kworker/R-kstrp
Average:        0       342     -1.00     -1.00     -1.00       0  kworker/u2:4-ext4-rsv-conversion
Average:        0       343     -1.00     -1.00     -1.00       0  kworker/0:5-events_power_efficient
Average:        0       356     -1.00     -1.00     -1.00       0  ubi_bgt0d
Average:        0       361     -1.00     -1.00     -1.00       0  kworker/0:1H
Average:        0       366     -1.00     -1.00     -1.00       0  irq/32-gpio_keys
Average:        0       367     -1.00     -1.00     -1.00       0  irq/33-gpio_keys
Average:        0       396     -1.00     -1.00     -1.00       0  scsi_eh_0
Average:        0       397     -1.00     -1.00     -1.00       0  kworker/R-scsi_
Average:        0       401     -1.00     -1.00     -1.00       0  scsi_eh_1
Average:        0       402     -1.00     -1.00     -1.00       0  kworker/R-scsi_
Average:        0       548     -1.00     -1.00     -1.00       0  jbd2/sda1-8
Average:        0       549     -1.00     -1.00     -1.00       0  kworker/R-ext4-
Average:       81       650     -1.00     -1.00     -1.00       0  ubusd
Average:        0       668     -1.00     -1.00     -1.00       0  askfirst
Average:        0       737     -1.00     -1.00     -1.00       0  urngd
Average:        0       873     -1.00     -1.00     -1.00       0  kworker/R-md
Average:        0       874     -1.00     -1.00     -1.00       0  kworker/R-md_bi
Average:        0       910     -1.00     -1.00     -1.00       0  kworker/R-xfsal
Average:        0       913     -1.00     -1.00     -1.00       0  kworker/R-xfs_m
Average:        0      1248     -1.00     -1.00     -1.00       0  jbd2/sda2-8
Average:        0      1250     -1.00     -1.00     -1.00       0  kworker/R-ext4-
Average:        0      1278     -1.00     -1.00     -1.00       0  jbd2/sda3-8
Average:        0      1279     -1.00     -1.00     -1.00       0  kworker/R-ext4-
Average:        0      1304     -1.00     -1.00     -1.00       0  jbd2/sdb1-8
Average:        0      1305     -1.00     -1.00     -1.00       0  kworker/R-ext4-
Average:      514      1349     -1.00     -1.00     -1.00       0  logd
Average:        0      1418     -1.00     -1.00     -1.00       0  rpcd
Average:        0      1627     -1.00     -1.00     -1.00       0  dnsmasq
Average:      453      1649     -1.00     -1.00     -1.00       0  dnsmasq
Average:        0      1752     -1.00     -1.00     -1.00       0  dropbear
Average:        0      1870     -1.00     -1.00     -1.00       0  netifd
Average:        0      1984     -1.00     -1.00     -1.00       0  odhcpd
Average:        0      2069     -1.00     -1.00     -1.00       0  crond
Average:        0      2153     -1.00     -1.00     -1.00       0  lighttpd
Average:        0      2286     -1.00     -1.00     -1.00       0  uhttpd
Average:        0      2325     -1.00     -1.00     -1.00       0  vsftpd
Average:        0      2398     -1.00     -1.00     -1.00       0  dbus-daemon
Average:    65534      2473     -1.00     -1.00     -1.00       0  avahi-daemon
Average:        0      2546     -1.00     -1.00     -1.00       0  blockd
Average:        0      3303     -1.00     -1.00     -1.00       0  ksmbd.mountd
Average:        0      3308     -1.00     -1.00     -1.00       0  ksmbd.mountd
Average:        0      3313     -1.00     -1.00     -1.00       0  ksmbd-br-lan
Average:        0      3425     -1.00     -1.00     -1.00       0  ntpd
Average:      123      3436     -1.00     -1.00     -1.00       0  ntpd
Average:        0      3469     -1.00     -1.00     -1.00       0  hdd-spindown-wo
Average:        0      3520     -1.00     -1.00     -1.00       0  ttyd
Average:        0      3568     -1.00     -1.00     -1.00       0  ubihealthd
Average:        0      3687     -1.00     -1.00     -1.00       0  dropbear
Average:        0      3688     -1.00     -1.00     -1.00       0  dropbear
Average:        0      3689     -1.00     -1.00     -1.00       0  ash
Average:        0      3695     -1.00     -1.00     -1.00       0  ash
Average:        0      3699     -1.00     -1.00     -1.00       0  sftp-server
Average:        0      4196     -1.00     -1.00     -1.00       0  odhcp6c
Average:        0      4236     -1.00     -1.00     -1.00       0  vsftpd
Average:        0      4239     -1.00     -1.00     -1.00       0  vsftpd
Average:        0      4325     -1.00     -1.00     -1.00       0  vsftpd
Average:        0      4328     -1.00     -1.00     -1.00       0  vsftpd
Average:        0      4967     -1.00     -1.00     -1.00       0  kworker/0:1
Average:        0      5182     -1.00     -1.00     -1.00       0  sleep
Average:        0      5191     -1.00     -1.00     -1.00       0  pidstat
Average:        0      5218     -1.00     -1.00     -1.00       0  kworker/u2:0-flush-8:16
root@OpenWrt:~#
root@OpenWrt:~# echo

root@OpenWrt:~# echo "--- ETH0 IRQ ---"
--- ETH0 IRQ ---
root@OpenWrt:~# grep -Ei 'eth0' /proc/interrupts
 27:     540080  interrupt-controller@20200  11 Edge      eth0
root@OpenWrt:~#
root@OpenWrt:~# echo

root@OpenWrt:~# echo "--- ETH0 ERRORS ---"
--- ETH0 ERRORS ---
root@OpenWrt:~# ethtool -S eth0 2>/dev/null | grep -E 'rx_errors|tx_errors|rx_dr
opped|tx_dropped|rx_discard|rx_overrun'
     rx_errors: 137
     tx_errors: 0
     rx_dropped: 137
     tx_dropped: 0
     rx_discard: 23
     rx_overrun: 137
root@OpenWrt:~#
root@OpenWrt:~# echo

root@OpenWrt:~# echo "--- RING ---"
--- RING ---
root@OpenWrt:~# ethtool -g eth0
Ring parameters for eth0:
Pre-set maximums:
RX:             4096
RX Mini:        0
RX Jumbo:       0
TX:             4096
Current hardware settings:
RX:             256
RX Mini:        0
RX Jumbo:       0
TX:             512

root@OpenWrt:~#
root@OpenWrt:~# echo

root@OpenWrt:~# echo "--- SOFTNET ---"
--- SOFTNET ---
root@OpenWrt:~# cat /proc/net/softnet_stat | head -1
000c8b7b 00000000 00000000 00000000 00000000 00000000 00000000 00000000 00000000 00000000 00000000 